gran,kernel_size,threshold,selectivity,shift,f1_score
7.0,3.0,0.08095890410958903,3.757945205479452,17.0,0.2510436336874873
19.0,3.0,0.28616438356164386,0.8689041095890412,-11.0,0.34940660857656103
20.0,8.0,0.07136986301369863,0.04123287671232877,-4.0,0.3503416999165948
46.0,8.0,0.8749315068493151,1.2124657534246577,-6.0,0.13605465109391546
44.0,2.0,0.38589041095890414,1.5247945205479452,-26.0,0.15770554258679345
16.0,3.0,0.5354794520547945,1.3686301369863014,16.0,0.36637613334782615
29.0,3.0,0.1634246575342466,0.4394520547945206,1.0,0.4355341335922462
5.0,1.0,0.2842465753424658,0.416027397260274,7.0,0.550755750647572
33.0,3.0,0.03684931506849315,2.047945205479452,-22.0,0.24133561811973586
47.0,1.0,0.19027397260273973,2.4773972602739724,-17.0,0.20591219572444547
7.0,6.0,0.8615068493150685,2.992739726027397,6.0,0.13072847925705527
27.0,2.0,0.9478082191780822,1.4076712328767125,5.0,0.17505878508811187
5.0,7.0,0.9478082191780822,3.4378082191780823,2.0,0.07449451429838999
10.0,3.0,0.13082191780821917,1.189041095890411,16.0,0.44346587629398654
2.0,4.0,0.5642465753424658,1.4076712328767125,-2.0,0.26994189526542595
12.0,1.0,0.7138356164383561,1.9073972602739726,28.0,0.08243154525188029
6.0,3.0,0.7080821917808219,3.305068493150685,2.0,0.15787063510268237
46.0,2.0,0.35328767123287674,2.4383561643835616,-8.0,0.23957033813975898
36.0,1.0,0.5891780821917808,3.398767123287671,21.0,0.35948446627356306
21.0,5.0,0.7387671232876712,3.6876712328767125,11.0,0.2580385803895386
3.0,8.0,0.0732876712328767,3.6017808219178082,-27.0,0.15445740436818783
38.0,7.0,0.8193150684931507,3.023972602739726,23.0,0.2747267820168833
30.0,6.0,0.6236986301369863,2.407123287671233,2.0,0.32172608521301216
12.0,3.0,0.4606849315068493,1.9073972602739726,26.0,0.1601837847299491
37.0,4.0,0.7732876712328767,1.4467123287671233,-18.0,0.1030332760484361
20.0,2.0,0.6121917808219178,2.586712328767123,31.0,0.11565241557386953
2.0,4.0,0.6716438356164384,2.3602739726027395,7.0,0.13876124391203584
41.0,5.0,0.5757534246575342,2.329041095890411,28.0,0.4109011783733651
5.0,7.0,0.44917808219178085,2.157260273972603,3.0,0.3155377293944009
8.0,5.0,0.9497260273972603,3.5393150684931505,29.0,0.01955858668916762
11.0,4.0,0.6601369863013699,3.8672602739726027,15.0,0.14327956866077293
41.0,3.0,0.43,0.2989041095890411,-6.0,0.3626503654531812
11.0,5.0,0.43767123287671234,1.6965753424657535,15.0,0.3123175792609205
43.0,3.0,0.15575342465753425,0.9469863013698631,28.0,0.5180215055989809
17.0,4.0,0.500958904109589,1.8215068493150686,-18.0,0.1644119756336395
11.0,5.0,0.07904109589041096,3.92972602739726,-22.0,0.17616360041535195
47.0,2.0,0.5124657534246575,3.836027397260274,-15.0,0.11112966271834136
39.0,3.0,0.8653424657534247,1.3686301369863014,3.0,0.24615714619332454
2.0,1.0,0.802054794520548,0.8454794520547946,24.0,0.057595978418728946
28.0,2.0,0.6428767123287671,2.3524657534246574,23.0,0.31421028724965105
24.0,3.0,0.44726027397260276,1.915205479452055,-31.0,0.11320518609017016
8.0,3.0,0.26123287671232875,0.04904109589041096,8.0,0.38088438396560165
19.0,7.0,0.03493150684931507,2.04013698630137,14.0,0.5799940834962398
43.0,4.0,0.12123287671232875,3.10986301369863,26.0,0.516313536879688
7.0,4.0,0.9804109589041096,2.5632876712328767,29.0,0.013500425694124761
45.0,8.0,0.3552054794520548,1.8058904109589042,14.0,0.5119978883528414
21.0,5.0,0.6179452054794521,1.4935616438356165,5.0,0.40580672830765996
46.0,3.0,0.031095890410958907,3.640821917808219,-3.0,0.3618044150235935
13.0,7.0,0.8423287671232876,1.0953424657534248,10.0,0.2706472042840213
16.0,8.0,0.5047945205479452,0.16616438356164384,-17.0,0.3372501342508486
22.0,1.0,0.8097260273972603,3.804794520547945,-16.0,0.058933757903781636
14.0,7.0,0.5776712328767123,3.5471232876712326,-26.0,0.07746773078594536
14.0,1.0,0.7215068493150685,1.9308219178082193,-13.0,0.12051004842658541
40.0,5.0,0.41657534246575345,3.711095890410959,-17.0,0.12081723365759778
43.0,3.0,0.5431506849315069,3.586164383561644,3.0,0.28340564081597325
20.0,3.0,0.44726027397260276,2.086986301369863,-24.0,0.1295909165053315
16.0,2.0,0.9593150684931506,2.2353424657534244,-7.0,0.05028802938197843
46.0,1.0,0.45684931506849313,2.1884931506849314,26.0,0.48078486337809706
39.0,6.0,0.8710958904109589,1.47013698630137,-32.0,0.06283325231244093
10.0,8.0,0.30917808219178083,1.0016438356164383,-2.0,0.5069774580896889
35.0,4.0,0.7752054794520548,1.9776712328767125,7.0,0.32056182961252255
9.0,1.0,0.9535616438356165,2.1494520547945206,-25.0,0.022283019983278186
5.0,3.0,0.42232876712328765,2.0323287671232877,-2.0,0.30406677485611416
17.0,4.0,0.7886301369863014,1.353013698630137,29.0,0.10772925056992712
35.0,1.0,0.21136986301369864,0.9938356164383563,20.0,0.5589934169628661
40.0,8.0,0.6697260273972603,2.329041095890411,22.0,0.4052753922591347
2.0,6.0,0.9823287671232876,2.8834246575342464,-11.0,0.025776703746746774
15.0,1.0,0.99,0.9235616438356165,29.0,0.021605170934386485
33.0,4.0,0.0426027397260274,2.578904109589041,8.0,0.5461248157153822
2.0,6.0,0.4587671232876712,0.23643835616438358,-13.0,0.4267724881036294
33.0,4.0,0.7310958904109589,0.213013698630137,-8.0,0.3652655924782077
31.0,8.0,0.9516438356164384,3.7345205479452055,31.0,0.07831052250416418
44.0,4.0,0.22863013698630139,3.2113698630136986,30.0,0.46646347726897547
32.0,1.0,0.85,0.7595890410958904,-10.0,0.15598636495731313
42.0,3.0,0.173013698630137,0.5800000000000001,-3.0,0.3855444915275195
25.0,3.0,0.9554794520547946,3.5471232876712326,-7.0,0.04188527297013623
15.0,5.0,0.6467123287671233,2.9615068493150685,-27.0,0.07262308253648823
21.0,8.0,0.8480821917808219,0.22863013698630139,-21.0,0.1934863438365538
37.0,6.0,0.20178082191780822,3.7267123287671233,-12.0,0.2068211552755691
45.0,7.0,0.9056164383561643,2.446164383561644,5.0,0.1867401431422605
27.0,7.0,0.21136986301369864,1.962054794520548,17.0,0.548914661410591
41.0,1.0,0.26123287671232875,2.04013698630137,31.0,0.4654553651952417
11.0,2.0,0.18835616438356165,2.781917808219178,13.0,0.35956239897370146
21.0,2.0,0.685068493150685,2.578904109589041,-6.0,0.17485548554562122
47.0,3.0,0.8691780821917808,2.407123287671233,-5.0,0.09504818920932662
32.0,5.0,0.40506849315068494,1.6809589041095891,-32.0,0.1242123993848852
5.0,7.0,0.9324657534246575,3.6642465753424656,1.0,0.07992056902893215
22.0,3.0,0.0426027397260274,3.6095890410958904,4.0,0.5174874116222486
2.0,2.0,0.3954794520547945,1.6263013698630138,18.0,0.1450415280866158
21.0,2.0,0.6793150684931507,3.953150684931507,6.0,0.2595294717200318
15.0,6.0,0.33986301369863015,3.8516438356164384,27.0,0.1458031060098137
43.0,1.0,0.038767123287671235,0.33794520547945206,-6.0,0.30014208428122585
22.0,7.0,0.14808219178082194,0.2052054794520548,-17.0,0.2820000844355451
27.0,8.0,0.09630136986301369,2.7194520547945205,23.0,0.47497440895958704
6.0,6.0,0.38780821917808217,1.2593150684931507,-14.0,0.2552159372931998
40.0,7.0,0.22863013698630139,0.16616438356164384,-24.0,0.2398129471035472
32.0,5.0,0.48561643835616436,3.063013698630137,-29.0,0.09312671072150884
3.0,4.0,0.2554794520547945,1.313972602739726,18.0,0.24493378508293773
32.0,7.0,0.8058904109589041,1.7746575342465754,-32.0,0.0669175829307681
19.0,6.0,0.2689041095890411,3.03958904109589,28.0,0.2103275029711381
12.0,5.0,0.1615068493150685,3.3675342465753424,14.0,0.36041603307656545
36.0,1.0,0.5047945205479452,1.2593150684931507,-31.0,0.13058627514138096
9.0,8.0,0.7042465753424657,0.2208219178082192,-30.0,0.2042452333540767
12.0,5.0,0.8423287671232876,4.0,-3.0,0.12176943245933085
28.0,3.0,0.4932876712328767,0.9938356164383563,-2.0,0.3962850691457791
14.0,2.0,0.1826027397260274,3.219178082191781,0.0,0.4152807844975208
47.0,6.0,0.3341095890410959,3.7813698630136985,31.0,0.4378798246291351
22.0,3.0,0.23821917808219178,2.7584931506849313,-18.0,0.18615487198691877
18.0,8.0,0.685068493150685,1.6575342465753427,1.0,0.3277074215127804
27.0,1.0,0.12506849315068494,1.1968493150684931,-29.0,0.2121138824675461
7.0,2.0,0.28808219178082195,0.48630136986301375,17.0,0.40625708203636873
12.0,1.0,0.523972602739726,2.9615068493150685,1.0,0.27497841277719626
8.0,4.0,0.6658904109589041,2.7897260273972604,22.0,0.08589086338998907
46.0,3.0,0.14616438356164385,0.9157534246575343,-13.0,0.3006526377231511
38.0,2.0,0.5124657534246575,1.071917808219178,-3.0,0.35083320478453883
4.0,5.0,0.873013698630137,3.67986301369863,-6.0,0.07884516440892213
23.0,4.0,0.5872602739726027,2.1494520547945206,-20.0,0.11979396015955697
47.0,4.0,0.45493150684931505,0.4082191780821918,14.0,0.504456459954159
38.0,3.0,0.08863013698630136,3.2504109589041095,-26.0,0.16340369443962288
13.0,7.0,0.4587671232876712,1.7668493150684932,21.0,0.23864680725192386
12.0,4.0,0.6831506849315069,1.8293150684931507,24.0,0.12159534191654156
32.0,2.0,0.616027397260274,2.3134246575342465,19.0,0.3985313520355278
46.0,1.0,0.5968493150684931,2.0791780821917807,20.0,0.44959997647913946
23.0,1.0,0.9343835616438356,0.0958904109589041,30.0,0.2920716952981453
15.0,3.0,0.2689041095890411,2.1416438356164385,-16.0,0.21712291864755268
13.0,5.0,0.08671232876712329,2.2353424657534244,19.0,0.38569520113354294
31.0,2.0,0.825068493150685,0.9157534246575343,-16.0,0.12310492154735243
25.0,7.0,0.48945205479452053,1.0797260273972604,-30.0,0.13989085176813792
40.0,8.0,0.9708219178082191,1.837123287671233,22.0,0.15367902114923615
25.0,1.0,0.057945205479452054,0.7986301369863014,-6.0,0.3962910735958715
34.0,5.0,0.03493150684931507,3.0161643835616436,-29.0,0.17916268039136946
44.0,1.0,0.9708219178082191,0.7986301369863014,-29.0,0.039709705970736614
3.0,5.0,0.7483561643835617,2.3524657534246574,-29.0,0.05008827622798942
10.0,7.0,0.9343835616438356,1.9776712328767125,5.0,0.12831693841218203
27.0,7.0,0.9458904109589041,1.5404109589041097,13.0,0.20019781598539893
25.0,3.0,0.43383561643835616,1.3217808219178082,8.0,0.5181367388580466
20.0,3.0,0.2976712328767123,3.2113698630136986,29.0,0.19772012853058257
19.0,2.0,0.943972602739726,3.3597260273972602,6.0,0.1128717432194904
47.0,6.0,0.5910958904109589,1.6184931506849316,-25.0,0.11848251714355165
6.0,8.0,0.571917808219178,2.617945205479452,-13.0,0.1460351376856033
20.0,6.0,0.48945205479452053,1.2671232876712328,-23.0,0.1621582804901497
42.0,8.0,0.5258904109589041,2.742876712328767,-10.0,0.1613114902461069
27.0,3.0,0.09054794520547944,2.2509589041095888,16.0,0.5727100683385177
20.0,6.0,0.9612328767123287,3.523698630136986,11.0,0.1018750211074947
30.0,2.0,0.11547945205479451,0.6268493150684932,15.0,0.5050216381915947
29.0,4.0,0.8212328767123288,0.822054794520548,-25.0,0.09999202328039462
10.0,2.0,0.20753424657534247,1.6497260273972603,-8.0,0.35927412459338826
45.0,3.0,0.825068493150685,0.9704109589041097,-23.0,0.0999264038045445
7.0,8.0,0.4453424657534247,1.673150684931507,-28.0,0.12480270229991933
21.0,2.0,0.4319178082191781,1.5872602739726027,18.0,0.417988575008103
45.0,4.0,0.9036986301369863,2.258767123287671,25.0,0.2520490855888397
31.0,4.0,0.15958904109589042,0.7517808219178083,9.0,0.547563479414712
29.0,5.0,0.0426027397260274,0.8923287671232877,6.0,0.49439137360065916
21.0,2.0,0.9478082191780822,3.0473972602739727,0.0,0.0971094257991561
33.0,7.0,0.4280821917808219,0.1036986301369863,-30.0,0.22738343313814732
13.0,6.0,0.7828767123287671,0.9782191780821918,15.0,0.2622656349630878
39.0,4.0,0.7732876712328767,0.3847945205479452,-32.0,0.13792663826037016
13.0,6.0,0.025342465753424658,1.2749315068493152,-32.0,0.2275260577995537
28.0,8.0,0.18835616438356165,1.0484931506849315,-25.0,0.22876346528908836
36.0,2.0,0.802054794520548,3.6954794520547947,11.0,0.24561059474049807
13.0,3.0,0.9478082191780822,1.431095890410959,6.0,0.14047533807951834
26.0,4.0,0.6121917808219178,1.1265753424657534,-22.0,0.14744422428950887
30.0,7.0,0.3475342465753425,0.04123287671232877,28.0,0.36088240315980236
29.0,7.0,0.05219178082191781,1.5794520547945206,10.0,0.5744416333821244
19.0,2.0,0.06561643835616437,0.23643835616438358,29.0,0.30949479393886375
27.0,8.0,0.9113698630136986,0.3223287671232877,-11.0,0.18931490241437898
14.0,5.0,0.5661643835616439,0.11150684931506849,-6.0,0.4124668586800432
23.0,5.0,0.35904109589041094,1.7668493150684932,-17.0,0.20038388595335463
13.0,2.0,0.07712328767123287,3.554931506849315,-7.0,0.34191177139271717
19.0,5.0,0.1826027397260274,1.3998630136986303,18.0,0.4980551205157735
18.0,5.0,0.8883561643835617,1.6653424657534248,23.0,0.11785109808863249
8.0,2.0,0.6582191780821918,0.28328767123287674,-11.0,0.3741524531983477
12.0,3.0,0.41657534246575345,0.416027397260274,14.0,0.519874213942448
17.0,1.0,0.3226027397260274,1.5326027397260276,-16.0,0.23747309001569256
8.0,4.0,0.7847945205479452,2.703835616438356,-30.0,0.04670513598875247
34.0,4.0,0.2650684931506849,0.9235616438356165,-9.0,0.3529784675341595
34.0,5.0,0.6179452054794521,0.14273972602739726,-17.0,0.29148479750744766
32.0,5.0,0.9152054794520548,3.7345205479452055,19.0,0.16377255519396755
26.0,3.0,0.9267123287671233,2.5164383561643833,1.0,0.13653476943603354
35.0,1.0,0.22863013698630139,1.025068493150685,-7.0,0.3645494724976062
18.0,8.0,0.18643835616438356,0.5253424657534247,23.0,0.43726395728511497
26.0,1.0,0.5163013698630137,3.281643835616438,2.0,0.31092248290727353
14.0,2.0,0.7138356164383561,1.9698630136986301,-13.0,0.12611878984011657
17.0,1.0,0.7387671232876712,0.6971232876712329,15.0,0.3882982840287137
33.0,3.0,0.1384931506849315,1.8136986301369864,7.0,0.5328434718670428
14.0,4.0,0.6946575342465754,2.8912328767123285,-15.0,0.1014127989469416
17.0,2.0,0.6946575342465754,0.46287671232876715,-28.0,0.1609599098714081
47.0,3.0,0.7253424657534246,2.938082191780822,-16.0,0.08328269777599587
36.0,1.0,0.8404109589041096,2.266575342465753,-14.0,0.06878264911807629
38.0,2.0,0.2689041095890411,0.36136986301369867,-1.0,0.4012451073644695
22.0,5.0,0.99,2.1963013698630136,9.0,0.07203353831993177
31.0,5.0,0.968904109589041,1.2671232876712328,-12.0,0.048094459968090114
24.0,5.0,0.7828767123287671,0.18178082191780823,23.0,0.48271044821725767
31.0,8.0,0.3552054794520548,0.36136986301369867,8.0,0.5269267252555032
44.0,4.0,0.023424657534246576,0.4316438356164384,26.0,0.3750923889752955
13.0,6.0,0.9036986301369863,2.29,-22.0,0.04849298674353527
33.0,1.0,0.7215068493150685,2.165068493150685,13.0,0.3601838811279577
34.0,1.0,0.7636986301369862,3.266027397260274,22.0,0.2722518944616916
36.0,6.0,0.7253424657534246,0.8767123287671234,29.0,0.3974346263273006
46.0,2.0,0.0426027397260274,2.2743835616438357,25.0,0.5279566673805668
11.0,8.0,0.32835616438356163,2.9224657534246576,10.0,0.3598524991115522
33.0,4.0,0.15575342465753425,1.8683561643835618,21.0,0.5471240000736486
42.0,7.0,0.7253424657534246,1.5872602739726027,9.0,0.3793483585451138
3.0,6.0,0.5949315068493151,1.8527397260273974,-32.0,0.07544071690207695
34.0,1.0,0.9075342465753424,2.8365753424657534,4.0,0.16354380434075033
37.0,3.0,0.42424657534246574,3.828219178082192,-18.0,0.11550591776620213
20.0,4.0,0.5335616438356164,1.4154794520547946,29.0,0.2100407977247194
27.0,1.0,0.685068493150685,1.0797260273972604,-27.0,0.11403804199656192
31.0,6.0,0.3935616438356164,0.7673972602739726,24.0,0.5211004283471485
9.0,3.0,0.29383561643835615,2.258767123287671,-22.0,0.15787312175788304
16.0,1.0,0.8921917808219179,0.8767123287671234,9.0,0.2657434846341217
45.0,5.0,0.05219178082191781,1.4857534246575343,-30.0,0.20602648594580836
2.0,8.0,0.13273972602739725,3.992191780821918,-1.0,0.33460331888359107
27.0,5.0,0.4434246575342466,2.3134246575342465,-11.0,0.2006778764032653
9.0,5.0,0.1826027397260274,1.1656164383561645,-25.0,0.22392682881700182
21.0,1.0,0.5393150684931507,3.757945205479452,3.0,0.29189721093610765
46.0,2.0,0.6045205479452055,2.875616438356164,7.0,0.33742592188563536
21.0,7.0,0.5354794520547945,0.3067123287671233,-5.0,0.4558411677480858
40.0,8.0,0.7445205479452055,3.0942465753424657,26.0,0.3142173663419046
11.0,3.0,0.3436986301369863,0.48630136986301375,-14.0,0.3657977696407743
5.0,5.0,0.6121917808219178,2.336849315068493,-7.0,0.17133869241580732
26.0,8.0,0.5527397260273973,1.837123287671233,7.0,0.4390099941921905
12.0,6.0,0.8902739726027398,2.047945205479452,29.0,0.04911778898154123
19.0,4.0,0.38397260273972605,0.619041095890411,-20.0,0.26691610865931087
24.0,5.0,0.38397260273972605,3.593972602739726,-18.0,0.1328882268888422
19.0,5.0,0.26315068493150684,2.8365753424657534,-3.0,0.3515366485084562
19.0,1.0,0.09821917808219177,0.39260273972602744,17.0,0.3973039735128728
33.0,2.0,0.07520547945205479,0.15054794520547946,31.0,0.3474523005156848
28.0,4.0,0.5604109589041096,1.7824657534246575,2.0,0.3741705876402459
13.0,6.0,0.2689041095890411,2.1104109589041093,-3.0,0.3940084719081679
43.0,1.0,0.6620547945205479,2.867808219178082,-7.0,0.13629528032969232
24.0,1.0,0.10013698630136986,2.992739726027397,10.0,0.5486252379767121
18.0,8.0,0.24972602739726027,0.5956164383561644,22.0,0.4565529987979261
35.0,5.0,0.8806849315068493,1.2046575342465755,4.0,0.26583321659376175
34.0,3.0,0.6256164383561644,1.0797260273972604,-27.0,0.12905627354381527
15.0,7.0,0.32643835616438355,3.6876712328767125,3.0,0.371737316435761
5.0,1.0,0.6428767123287671,1.6184931506849316,-13.0,0.12872181150904238
4.0,1.0,0.09630136986301369,0.0958904109589041,3.0,0.3910368768339829
47.0,8.0,0.5680821917808219,3.9765753424657535,25.0,0.39364887466912807
45.0,2.0,0.9017808219178082,3.5627397260273974,-29.0,0.03644354528363794
23.0,4.0,0.8461643835616438,2.5164383561643833,10.0,0.23796696199275977
24.0,4.0,0.6371232876712328,0.8689041095890412,7.0,0.4943324831899574
33.0,4.0,0.6428767123287671,1.0328767123287672,30.0,0.3623688167173751
44.0,3.0,0.6467123287671233,2.008904109589041,-5.0,0.2004310628507564
20.0,8.0,0.013835616438356164,0.7673972602739726,-1.0,0.4225996611591959
40.0,5.0,0.7080821917808219,2.0713698630136985,-26.0,0.08905251714472827
11.0,8.0,0.8653424657534247,1.3373972602739728,-12.0,0.11354889417952235
22.0,4.0,0.7234246575342466,2.1104109589041093,1.0,0.2780012557403173
33.0,4.0,0.756027397260274,3.92972602739726,-21.0,0.059359754099560826
33.0,2.0,0.32068493150684935,0.2754794520547945,-14.0,0.31070251862129444
21.0,2.0,0.21712328767123287,2.383698630136986,-27.0,0.15265806852079902
5.0,3.0,0.7617808219178083,2.414931506849315,-15.0,0.07389555280347848
40.0,2.0,0.26315068493150684,2.625753424657534,-24.0,0.1504153773572776
8.0,1.0,0.38205479452054797,0.37698630136986305,-2.0,0.559763787157544
12.0,7.0,0.06178082191780822,2.8834246575342464,-25.0,0.19299496462864452
23.0,3.0,0.9382191780821918,2.211917808219178,0.0,0.12303884551754456
29.0,8.0,0.12698630136986302,0.9157534246575343,-19.0,0.2833703038535196
11.0,6.0,0.18835616438356165,0.4004109589041096,-19.0,0.3319566278670276
47.0,5.0,0.9094520547945205,0.0958904109589041,24.0,0.5322335329004642
6.0,2.0,0.9708219178082191,3.7813698630136985,16.0,0.023269804446388244
27.0,8.0,0.476027397260274,0.7595890410958904,-29.0,0.17064472876295295
25.0,1.0,0.313013698630137,1.2515068493150685,-12.0,0.2897333121625375
46.0,4.0,0.7905479452054794,0.17397260273972603,31.0,0.5127504078884759
3.0,8.0,0.11547945205479451,1.4623287671232879,9.0,0.4457310185911101
25.0,7.0,0.6716438356164384,3.804794520547945,-20.0,0.07630035658602333
5.0,8.0,0.8346575342465753,3.757945205479452,24.0,0.041159870176354134
5.0,2.0,0.5182191780821918,1.0016438356164383,16.0,0.22045107625292068
43.0,6.0,0.8634246575342466,2.5632876712328767,13.0,0.26719344035026393
14.0,3.0,0.48178082191780824,0.5956164383561644,-21.0,0.24174517118415736
7.0,5.0,0.07520547945205479,0.5721917808219178,-14.0,0.3782609571742016
47.0,4.0,0.8365753424657534,1.5794520547945206,-23.0,0.0808971152584765
44.0,3.0,0.04835616438356165,0.8532876712328767,-22.0,0.2537190092934366
41.0,5.0,0.32643835616438355,1.1656164383561645,-6.0,0.3356870351058175
10.0,8.0,0.828904109589041,0.22863013698630139,-11.0,0.3114805250560835
37.0,3.0,0.19986301369863013,3.796986301369863,-23.0,0.1398186018627006
24.0,8.0,0.6121917808219178,3.875068493150685,-11.0,0.12948487724584923
40.0,6.0,0.20178082191780822,3.92972602739726,-6.0,0.26429392703670507
42.0,6.0,0.01958904109589041,2.633561643835616,-8.0,0.3482555376638712
19.0,7.0,0.406986301369863,2.6413698630136984,-29.0,0.10609054446301976
17.0,1.0,0.7080821917808219,0.8689041095890412,-15.0,0.1846567206572275
10.0,7.0,0.07904109589041096,0.2208219178082192,3.0,0.39745715555452377
34.0,1.0,0.6735616438356165,1.5872602739726027,26.0,0.3777826556070167
3.0,5.0,0.44726027397260276,3.4143835616438354,-31.0,0.06671514931160005
43.0,1.0,0.9478082191780822,1.1187671232876713,5.0,0.18972174438671158
34.0,2.0,0.1826027397260274,3.18013698630137,12.0,0.5238602522695208
25.0,7.0,0.8902739726027398,3.640821917808219,-11.0,0.06310287691813538
45.0,8.0,0.9286301369863014,0.16616438356164384,17.0,0.5093260376715149
42.0,7.0,0.42424657534246574,0.7986301369863014,24.0,0.5414587182380945
21.0,6.0,0.9880821917808219,1.4545205479452055,21.0,0.06691036134477964
15.0,2.0,0.2516438356164383,3.0161643835616436,14.0,0.37639705482829255
30.0,6.0,0.7234246575342466,3.3675342465753424,-21.0,0.07095137313617374
39.0,6.0,0.5642465753424658,3.3675342465753424,16.0,0.4048004077254497
33.0,8.0,0.4127397260273973,3.836027397260274,-13.0,0.14942240788457586
33.0,5.0,0.4587671232876712,0.24424657534246577,-15.0,0.31013702695570006
21.0,5.0,0.7195890410958904,1.0328767123287672,2.0,0.3738303928691347
41.0,1.0,0.15191780821917808,3.3128767123287672,24.0,0.512755354168931
11.0,3.0,0.45109589041095893,3.5627397260273974,27.0,0.09928067275106268
41.0,2.0,0.17684931506849316,1.3686301369863014,28.0,0.5228757268024039
19.0,1.0,0.24780821917808218,1.876164383561644,7.0,0.5362329126643384
41.0,3.0,0.10397260273972603,3.836027397260274,10.0,0.4950542671931163
44.0,5.0,0.06945205479452055,3.3753424657534246,18.0,0.541436577869553
14.0,7.0,0.45301369863013696,0.5175342465753425,23.0,0.3698227425304559
40.0,3.0,0.2535616438356164,1.4232876712328768,-13.0,0.26882085405578615
23.0,1.0,0.8231506849315069,1.1578082191780823,-28.0,0.07346700925354686
32.0,6.0,0.16917808219178082,0.16616438356164384,17.0,0.38693876480141753
4.0,8.0,0.8116438356164384,3.9375342465753422,19.0,0.05313411272187262
32.0,8.0,0.266986301369863,1.0172602739726029,18.0,0.5733108581380175
20.0,3.0,0.2689041095890411,1.8215068493150686,-26.0,0.1630934079723293
33.0,6.0,0.8404109589041096,2.7194520547945205,-17.0,0.06253736375624394
25.0,1.0,0.36095890410958903,2.625753424657534,-18.0,0.15871899688580357
44.0,5.0,0.02917808219178082,2.9615068493150685,6.0,0.4806521685444899
44.0,4.0,0.8346575342465753,1.7824657534246575,-1.0,0.192872131434283
17.0,7.0,0.06945205479452055,3.953150684931507,-11.0,0.2790383653235682
47.0,6.0,0.21712328767123287,2.282191780821918,27.0,0.5160119487435395
21.0,5.0,0.1941095890410959,0.24424657534246577,18.0,0.4013132983958721
35.0,7.0,0.3628767123287671,0.24424657534246577,22.0,0.46511995908446935
39.0,1.0,0.9880821917808219,0.25986301369863013,-12.0,0.055519386526873556
17.0,5.0,0.7886301369863014,0.2910958904109589,-13.0,0.2734986464766269
27.0,6.0,0.2689041095890411,0.5721917808219178,-9.0,0.3902045653675373
35.0,2.0,0.13657534246575342,0.26767123287671235,6.0,0.3745842902688095
29.0,2.0,0.9765753424657534,2.414931506849315,-6.0,0.038579048413039246
27.0,1.0,0.4779452054794521,0.416027397260274,-21.0,0.2621855297852968
27.0,8.0,0.05410958904109589,3.117671232876712,-5.0,0.3894805736470961
14.0,4.0,0.4587671232876712,3.523698630136986,20.0,0.17966834561015
46.0,6.0,0.9765753424657534,3.515890410958904,21.0,0.11109942500400734
7.0,7.0,0.7426027397260274,3.7891780821917806,-5.0,0.1399955596288678
20.0,4.0,0.4319178082191781,1.5247945205479452,12.0,0.4898941062171076
15.0,4.0,0.7138356164383561,0.5721917808219178,15.0,0.3925125629772406
20.0,6.0,0.8787671232876713,0.17397260273972603,12.0,0.5308792023008736
34.0,2.0,0.27465753424657535,0.6893150684931507,2.0,0.4909748917841981
12.0,8.0,0.9017808219178082,3.9687671232876713,21.0,0.061052298492071166
23.0,3.0,0.3015068493150685,0.6112328767123288,-16.0,0.31344589709063625
21.0,4.0,0.5565753424657535,2.0791780821917807,-2.0,0.30945884310388566
46.0,5.0,0.7828767123287671,1.5091780821917808,-1.0,0.2244848872689033
17.0,7.0,0.7713698630136986,3.187945205479452,16.0,0.20554718806337682
26.0,4.0,0.3149315068493151,0.11931506849315068,-13.0,0.29382855601618596
27.0,6.0,0.3436986301369863,3.2582191780821916,-14.0,0.1749223641330768
33.0,4.0,0.6006849315068493,2.1260273972602737,-3.0,0.26323756202903914
5.0,6.0,0.5278082191780822,0.6736986301369864,-9.0,0.35202187796222006
37.0,1.0,0.17684931506849316,2.001095890410959,-18.0,0.21892334126522767
25.0,7.0,0.5393150684931507,1.1968493150684931,-27.0,0.13227560061486682
2.0,1.0,0.9113698630136986,2.133835616438356,8.0,0.052094194350758724
19.0,4.0,0.3302739726027397,1.2749315068493152,-17.0,0.245712068188095
6.0,3.0,0.7406849315068493,0.6424657534246576,28.0,0.10739871024428109
5.0,8.0,0.828904109589041,1.8605479452054796,-29.0,0.051674276180389916
35.0,6.0,0.8691780821917808,1.9230136986301372,28.0,0.23865371625960047
15.0,6.0,0.011917808219178082,3.554931506849315,-17.0,0.28342337059035794
16.0,8.0,0.11931506849315068,3.234794520547945,-28.0,0.14739938145682505
45.0,4.0,0.8519178082191781,3.6173972602739726,-22.0,0.0529537317360208
37.0,3.0,0.9382191780821918,1.516986301369863,18.0,0.21815970619347766
14.0,3.0,0.42424657534246574,3.305068493150685,-21.0,0.11504598855881987
23.0,4.0,0.42424657534246574,0.2754794520547945,1.0,0.5078787869170297
43.0,5.0,0.3015068493150685,3.5471232876712326,0.0,0.313069207146582
8.0,5.0,0.5373972602739726,1.5404109589041097,-5.0,0.2820208860468907
4.0,4.0,0.6620547945205479,2.7897260273972604,-4.0,0.17045520131580116
9.0,7.0,0.5584931506849315,1.8215068493150686,-27.0,0.10485100454825545
20.0,4.0,0.9554794520547946,0.7908219178082192,29.0,0.06951256609664176
7.0,2.0,0.6927397260273973,2.2041095890410958,-12.0,0.11247030347530078
37.0,7.0,0.17493150684931508,3.219178082191781,-6.0,0.2926303624785191
7.0,6.0,0.942054794520548,3.633013698630137,29.0,0.01948704756516733
6.0,4.0,0.1710958904109589,0.37698630136986305,-17.0,0.3554980858856311
5.0,7.0,0.38972602739726026,0.6502739726027398,11.0,0.4411140336418585
7.0,5.0,0.056027397260273976,0.25205479452054796,-28.0,0.2583592270351746
30.0,1.0,0.5067123287671232,2.7741095890410956,-7.0,0.19845164508537266
39.0,7.0,0.8193150684931507,2.6804109589041096,17.0,0.30013288156912205
28.0,2.0,0.9784931506849315,0.4004109589041096,20.0,0.20459373694563635
8.0,5.0,0.6486301369863013,3.0864383561643836,15.0,0.13566650534607483
30.0,1.0,0.5642465753424658,0.8376712328767124,18.0,0.5333285287910747
37.0,6.0,0.5738356164383561,1.8136986301369864,25.0,0.43658228317858305
34.0,5.0,0.5968493150684931,3.7735616438356163,-15.0,0.09902316005236461
5.0,1.0,0.7406849315068493,3.5002739726027396,11.0,0.09218826144172718
13.0,7.0,0.4779452054794521,3.9765753424657535,-21.0,0.09942727448484648
43.0,4.0,0.056027397260273976,0.15835616438356165,-11.0,0.2803007319093593
17.0,1.0,0.044520547945205484,0.23643835616438358,28.0,0.31015732116321715
44.0,3.0,0.2363013698630137,0.7205479452054795,29.0,0.5101426556439099
15.0,5.0,0.897945205479452,0.36136986301369867,10.0,0.3690196994456157
32.0,7.0,0.49712328767123287,1.4389041095890411,21.0,0.49035874626048076
19.0,3.0,0.09246575342465753,2.1884931506849314,25.0,0.3703303152747756
30.0,3.0,0.4319178082191781,0.24424657534246577,-1.0,0.4379676125342941
44.0,1.0,0.5297260273972603,2.7194520547945205,-20.0,0.11296805722263566
9.0,8.0,0.22479452054794521,3.6720547945205477,-26.0,0.12394174077423074
30.0,6.0,0.1404109589041096,0.6424657534246576,-27.0,0.23970156087806344
37.0,3.0,0.8653424657534247,0.90013698630137,-2.0,0.2216444939046674
25.0,4.0,0.476027397260274,1.8527397260273974,24.0,0.3455894595682035
18.0,4.0,0.8998630136986301,0.8142465753424658,-19.0,0.0872519032325619
8.0,7.0,0.11931506849315068,2.4305479452054795,-22.0,0.20375698313865595
12.0,3.0,0.29575342465753424,2.0713698630136985,15.0,0.3506176789932705
10.0,4.0,0.7963013698630137,1.9464383561643837,-13.0,0.09941565765351687
39.0,3.0,0.7617808219178083,2.258767123287671,-30.0,0.07266024474387725
22.0,8.0,0.8864383561643836,2.4383561643835616,-12.0,0.07788203158266228
17.0,6.0,0.5584931506849315,0.540958904109589,13.0,0.5360136061661148
20.0,2.0,0.12506849315068494,2.4383561643835616,-12.0,0.29333646649129963
26.0,4.0,0.5910958904109589,1.4232876712328768,-11.0,0.21064617878316105
17.0,4.0,0.24205479452054796,1.5247945205479452,-23.0,0.20471816982877208
15.0,3.0,0.22479452054794521,1.2749315068493152,-9.0,0.3619570496650911
20.0,3.0,0.30917808219178083,0.6346575342465753,-16.0,0.31723548723220374
12.0,6.0,0.8960273972602739,1.3998630136986303,27.0,0.06600028096782179
46.0,2.0,0.45493150684931505,3.2035616438356165,-18.0,0.12300023599524736
31.0,7.0,0.640958904109589,3.5783561643835617,-22.0,0.07820967829489697
31.0,3.0,0.828904109589041,0.13493150684931507,-7.0,0.3722795899590911
31.0,2.0,0.10397260273972603,3.711095890410959,3.0,0.4529138180512322
41.0,7.0,0.20178082191780822,2.3212328767123287,-15.0,0.2180454727260405
13.0,6.0,0.45109589041095893,1.6263013698630138,18.0,0.2886066301767764
47.0,6.0,0.9765753424657534,3.5315068493150683,-4.0,0.03825613369747641
45.0,2.0,0.19986301369863013,2.86,29.0,0.49333422610150846
36.0,4.0,0.6793150684931507,1.1500000000000001,22.0,0.47207439987348354
24.0,4.0,0.9075342465753424,3.0473972602739727,9.0,0.1714612140524229
42.0,3.0,0.8480821917808219,1.189041095890411,-30.0,0.07823902057600453
12.0,1.0,0.1615068493150685,1.1500000000000001,19.0,0.4111768058868263
8.0,7.0,0.18835616438356165,3.4924657534246575,-13.0,0.21473511833776912
37.0,8.0,0.8634246575342466,3.281643835616438,-30.0,0.045241113040388435
45.0,3.0,0.29191780821917807,2.4227397260273973,17.0,0.5139160347700993
22.0,4.0,0.22479452054794521,1.3295890410958904,1.0,0.5121166103662407
44.0,1.0,0.7445205479452055,0.7205479452054795,29.0,0.46550199064091347
18.0,6.0,0.09630136986301369,1.556027397260274,-13.0,0.3378037597028408
28.0,5.0,0.10780821917808218,1.5794520547945206,-7.0,0.38152470178413284
44.0,5.0,0.6256164383561644,3.7423287671232877,2.0,0.24409827861284883
32.0,2.0,0.3226027397260274,3.0942465753424657,-10.0,0.21330549046113503
19.0,7.0,0.9343835616438356,1.1968493150684931,-32.0,0.040604649959897404
31.0,2.0,0.6179452054794521,0.6112328767123288,-20.0,0.2058791386769705
25.0,3.0,0.9132876712328767,2.258767123287671,10.0,0.19227175648701042
3.0,3.0,0.43,2.391506849315068,-3.0,0.2513007695767284
37.0,4.0,0.5105479452054794,0.4316438356164384,-29.0,0.2000787379006222
44.0,2.0,0.3552054794520548,0.2208219178082192,10.0,0.40567669837002507
4.0,4.0,0.18643835616438356,2.297808219178082,-5.0,0.3632145389867116
11.0,5.0,0.15,1.0094520547945205,-30.0,0.21238130105620256
42.0,3.0,0.5527397260273973,0.4004109589041096,-23.0,0.2288325990548363
33.0,6.0,0.7886301369863014,2.3602739726027395,14.0,0.32096471825046907
45.0,1.0,0.17876712328767125,2.3680821917808217,5.0,0.44132422045290853
35.0,6.0,0.29383561643835615,2.453972602739726,4.0,0.4343613717972064
3.0,5.0,0.9804109589041096,1.5638356164383562,12.0,0.03602975400264778
39.0,3.0,0.6927397260273973,3.0708219178082192,2.0,0.24729830240871373
18.0,5.0,0.6658904109589041,1.1734246575342466,2.0,0.3846589634928398
38.0,7.0,0.7752054794520548,2.2743835616438357,-14.0,0.08927888477815113
47.0,8.0,0.37246575342465754,2.656986301369863,-22.0,0.13466582044305186
23.0,3.0,0.7617808219178083,0.18958904109589042,-31.0,0.1851279136037917
4.0,4.0,0.2152054794520548,1.3842465753424658,21.0,0.2301637258384457
25.0,6.0,0.4741095890410959,1.1968493150684931,20.0,0.4588417381990199
45.0,8.0,0.19794520547945207,0.2989041095890411,-9.0,0.309664177758095
25.0,2.0,0.3552054794520548,0.48630136986301375,3.0,0.5456550428081931
12.0,7.0,0.196027397260274,3.0864383561643836,28.0,0.17296528768388328
6.0,2.0,0.9286301369863014,3.9687671232876713,4.0,0.06948796314382692
27.0,4.0,0.32835616438356163,2.5945205479452054,-16.0,0.18290509071931702
7.0,1.0,0.17876712328767125,1.2515068493150685,-3.0,0.49023669143129495
36.0,7.0,0.28808219178082195,2.9693150684931506,30.0,0.4025078250341332
20.0,6.0,0.0636986301369863,0.5565753424657535,-29.0,0.2526943456549604
19.0,5.0,0.9036986301369863,3.469041095890411,-7.0,0.07253849894080806
33.0,5.0,0.4453424657534247,3.8438356164383563,12.0,0.4081023734400162
13.0,8.0,0.40123287671232877,2.282191780821918,-2.0,0.3556040599419606
27.0,3.0,0.48369863013698633,2.21972602739726,-11.0,0.19093351398028371
6.0,3.0,0.2267123287671233,0.2910958904109589,-21.0,0.3140609745576961
17.0,1.0,0.6428767123287671,0.025616438356164384,29.0,0.30657169407667195
36.0,4.0,0.9324657534246575,3.3363013698630137,24.0,0.15073367720994743
27.0,8.0,0.6332876712328767,0.9782191780821918,-32.0,0.11523150219601482
37.0,3.0,0.3321917808219178,2.7975342465753426,-8.0,0.23162619620364502
24.0,4.0,0.19794520547945207,1.0797260273972604,-31.0,0.19294917086724436
33.0,5.0,0.5968493150684931,1.345205479452055,18.0,0.49280961169153004
34.0,7.0,0.057945205479452054,1.3842465753424658,16.0,0.557381168598245
34.0,7.0,0.9554794520547946,2.4930136986301368,-15.0,0.036321234355624024
32.0,6.0,0.733013698630137,2.446164383561644,4.0,0.3000598446848516
42.0,7.0,0.14616438356164385,3.515890410958904,14.0,0.5155566665840212
16.0,8.0,0.6793150684931507,3.0161643835616436,-25.0,0.07596249038661147
38.0,4.0,0.031095890410958907,3.273835616438356,-16.0,0.2576907226792601
13.0,6.0,0.09630136986301369,2.0245205479452055,-25.0,0.2109304152165575
27.0,4.0,0.9075342465753424,2.992739726027397,15.0,0.1771217564242297
37.0,1.0,0.09054794520547944,2.453972602739726,31.0,0.466060819935941
13.0,4.0,0.22863013698630139,3.523698630136986,-29.0,0.1147389021865012
12.0,8.0,0.7771232876712328,2.984931506849315,-5.0,0.1577440820601866
9.0,8.0,0.3973972602739726,2.906849315068493,9.0,0.3186789152351372
13.0,7.0,0.17493150684931508,0.9235616438356165,-28.0,0.22489703013682275
15.0,5.0,0.8998630136986301,1.103150684931507,3.0,0.22969163395262926
5.0,4.0,0.8308219178082191,2.6804109589041096,-7.0,0.10034151893871662
36.0,8.0,0.06178082191780822,0.9313698630136987,26.0,0.4973231527106091
42.0,3.0,0.08287671232876712,2.688219178082192,-4.0,0.35523588252350935
45.0,8.0,0.2976712328767123,0.9235616438356165,4.0,0.46389379499447025
13.0,1.0,0.22287671232876713,1.9698630136986301,-16.0,0.23862868068231435
28.0,4.0,0.05410958904109589,2.938082191780822,12.0,0.5715451463154018
32.0,2.0,0.8864383561643836,2.9146575342465755,-28.0,0.03975600212667682
35.0,2.0,0.9842465753424657,3.7891780821917806,23.0,0.06376298617928876
12.0,8.0,0.3341095890410959,2.813150684931507,20.0,0.22138944931850496
42.0,4.0,0.15767123287671234,2.500821917808219,9.0,0.5010737931632439
42.0,7.0,0.09246575342465753,2.8443835616438355,29.0,0.5130981088944769
8.0,6.0,0.4089041095890411,0.12712328767123288,-23.0,0.29342177546761045
29.0,8.0,0.40506849315068494,2.094794520547945,-31.0,0.1177517991582278
3.0,2.0,0.7752054794520548,2.813150684931507,-3.0,0.11785048823585158
40.0,6.0,0.3110958904109589,3.2582191780821916,-9.0,0.21411224972065998
31.0,2.0,0.5757534246575342,2.446164383561644,2.0,0.32817532212956074
31.0,3.0,0.8634246575342466,3.226986301369863,24.0,0.19132078477365916
20.0,4.0,0.7713698630136986,3.0708219178082192,-12.0,0.09275472287336184
32.0,2.0,0.06945205479452055,3.6486301369863012,22.0,0.5130113141085006
18.0,7.0,0.6352054794520547,3.554931506849315,5.0,0.28309517107587867
33.0,1.0,0.44917808219178085,2.0791780821917807,-21.0,0.13848717664325952
30.0,4.0,0.21328767123287673,2.344657534246575,-6.0,0.33274483080881334
20.0,6.0,0.9765753424657534,2.86,-7.0,0.04073881944554875
16.0,2.0,0.8941095890410958,2.4383561643835616,15.0,0.1419648665190731
26.0,8.0,0.8691780821917808,3.2504109589041095,-12.0,0.07122251175612541
5.0,6.0,0.7713698630136986,2.8365753424657534,3.0,0.15878854361667438
14.0,6.0,0.6678082191780822,1.9932876712328769,-13.0,0.14568001144534012
4.0,5.0,0.3628767123287671,0.8923287671232877,-30.0,0.16581891991633035
37.0,8.0,0.07136986301369863,3.554931506849315,13.0,0.5458423043885869
13.0,8.0,0.8173972602739726,1.8215068493150686,-27.0,0.06615540789221747
9.0,1.0,0.476027397260274,0.04904109589041096,-32.0,0.24200827352494275
26.0,4.0,0.9363013698630137,2.3212328767123287,12.0,0.17021683539737137
45.0,5.0,0.37054794520547946,3.3597260273972602,-25.0,0.11486882356352651
14.0,1.0,0.11547945205479451,0.986027397260274,-28.0,0.23630896527785425
12.0,2.0,0.07136986301369863,1.2827397260273974,-4.0,0.5132339627024358
40.0,3.0,0.5527397260273973,3.515890410958904,-24.0,0.0919174781984471
32.0,3.0,0.8960273972602739,0.07246575342465754,21.0,0.5602233854570359
14.0,2.0,0.5642465753424658,2.9615068493150685,-32.0,0.0698826599976081
41.0,6.0,0.4108219178082192,0.033424657534246574,17.0,0.3838096408928041
42.0,5.0,0.8691780821917808,1.071917808219178,11.0,0.3398539641767863
36.0,6.0,0.8826027397260274,1.7043835616438356,17.0,0.28661204827610787
6.0,4.0,0.27465753424657535,1.6809589041095891,3.0,0.43608631731505904
13.0,8.0,0.7867123287671233,1.103150684931507,24.0,0.1376004459048246
3.0,5.0,0.7771232876712328,3.4846575342465753,-7.0,0.09743309214750774
28.0,2.0,0.803972602739726,2.8834246575342464,1.0,0.20798061232872037
40.0,1.0,0.2842465753424658,3.6642465753424656,-16.0,0.14900733952152337
13.0,6.0,0.35136986301369866,0.08808219178082191,-31.0,0.2416503926461756
6.0,4.0,0.8883561643835617,0.15835616438356165,0.0,0.4282703463104802
43.0,7.0,0.7061643835616438,0.3067123287671233,-1.0,0.4016311684924226
14.0,5.0,0.28808219178082195,2.6101369863013697,-15.0,0.2003186683793705
4.0,2.0,0.7406849315068493,3.7813698630136985,-14.0,0.059210678353963146
30.0,2.0,0.9343835616438356,1.392054794520548,-8.0,0.07526743988918146
9.0,4.0,0.9286301369863014,2.5632876712328767,13.0,0.0743509042933936
25.0,5.0,0.6889041095890411,3.344109589041096,13.0,0.30494758932724353
3.0,4.0,0.10205479452054794,1.5404109589041097,-32.0,0.17831026348298576
14.0,2.0,0.7138356164383561,2.1104109589041093,14.0,0.23323298749678398
13.0,5.0,0.2363013698630137,1.2124657534246577,8.0,0.5719480097542443
17.0,7.0,0.7732876712328767,0.9469863013698631,-22.0,0.11875578138083089
29.0,8.0,0.8845205479452055,0.25205479452054796,-20.0,0.16487119604211478
31.0,5.0,0.571917808219178,1.4935616438356165,-18.0,0.15275735440432295
38.0,4.0,0.8845205479452055,0.6268493150684932,5.0,0.34203849857922575
25.0,8.0,0.14808219178082194,1.071917808219178,21.0,0.5334920564947379
11.0,3.0,0.2267123287671233,1.3842465753424658,31.0,0.20734504020201217
42.0,5.0,0.9305479452054795,1.3998630136986303,30.0,0.2293093513824499
24.0,3.0,0.6735616438356165,3.508082191780822,20.0,0.2535141105935936
27.0,1.0,0.9305479452054795,0.4004109589041096,-22.0,0.08825694560741926
23.0,2.0,0.8710958904109589,1.1187671232876713,13.0,0.3012208571336918
12.0,1.0,0.5661643835616439,0.17397260273972603,5.0,0.5878698489785582
13.0,5.0,0.14232876712328768,3.031780821917808,15.0,0.3850377499028733
19.0,3.0,0.9880821917808219,0.07246575342465754,18.0,0.259072712487011
24.0,8.0,0.30726027397260275,0.1036986301369863,18.0,0.384398483622069
2.0,7.0,0.5565753424657535,2.688219178082192,2.0,0.2075930010481274
32.0,1.0,0.266986301369863,0.16616438356164384,-3.0,0.3351188949948356
38.0,3.0,0.9650684931506849,3.2035616438356165,-5.0,0.04182426703505275
2.0,5.0,0.6908219178082192,1.8527397260273974,-27.0,0.06373329581108911
4.0,7.0,0.7598630136986302,2.461780821917808,9.0,0.14664458883202872
15.0,5.0,0.9324657534246575,3.8906849315068492,-1.0,0.09986181361818802
31.0,4.0,0.12506849315068494,1.189041095890411,13.0,0.5770209160537809
21.0,5.0,0.6812328767123288,0.658082191780822,-30.0,0.1314232283250121
20.0,2.0,0.828904109589041,3.390958904109589,-10.0,0.07732765128861722
26.0,8.0,0.9650684931506849,0.213013698630137,-3.0,0.24181497519131614
31.0,6.0,0.6352054794520547,2.9615068493150685,-17.0,0.10371633790325017
25.0,5.0,0.8116438356164384,1.7434246575342467,13.0,0.31219016085344015
16.0,5.0,0.011917808219178082,3.92972602739726,-18.0,0.2582778242866303
43.0,1.0,0.5757534246575342,2.008904109589041,22.0,0.45751549799947155
31.0,4.0,0.08095890410958903,3.156712328767123,-23.0,0.18639797135099015
45.0,7.0,0.6889041095890411,3.6095890410958904,-17.0,0.08096528077052122
32.0,4.0,0.08287671232876712,3.9063013698630136,24.0,0.479368801389611
4.0,3.0,0.7291780821917808,0.986027397260274,-3.0,0.24755545122494063
35.0,3.0,0.23054794520547947,3.9375342465753422,3.0,0.38478007023524724
45.0,3.0,0.15383561643835617,3.1332876712328765,-18.0,0.19233721671894252
31.0,1.0,0.3321917808219178,3.031780821917808,-10.0,0.21237586574903375
47.0,6.0,0.21136986301369864,2.1884931506849314,-25.0,0.16882265018008988
19.0,1.0,0.12123287671232875,3.9375342465753422,-19.0,0.18488496873536103
45.0,2.0,0.3168493150684932,2.1806849315068493,-3.0,0.3208794861279995
42.0,8.0,0.8097260273972603,1.189041095890411,17.0,0.41755348589803526
14.0,5.0,0.32835616438356163,1.4779452054794522,0.0,0.46090665124461255
25.0,6.0,0.15383561643835617,2.1104109589041093,-11.0,0.3024337925471252
42.0,8.0,0.11547945205479451,3.8516438356164384,-2.0,0.3483702380098174
6.0,3.0,0.22479452054794521,0.4082191780821918,13.0,0.46480413712357616
29.0,1.0,0.6045205479452055,0.9079452054794521,5.0,0.46265944497106304
24.0,4.0,0.0847945205479452,1.142191780821918,0.0,0.5173731189970239
20.0,4.0,0.7349315068493151,1.844931506849315,-26.0,0.08021488277539683
45.0,1.0,0.3034246575342466,3.1332876712328765,19.0,0.4945848539807489
6.0,7.0,0.9804109589041096,3.234794520547945,-8.0,0.034152274586849544
20.0,7.0,0.9343835616438356,1.2124657534246577,22.0,0.14265249344199418
25.0,3.0,0.5642465753424658,2.2431506849315066,18.0,0.38463194698194714
36.0,1.0,0.9497260273972603,3.992191780821918,11.0,0.11281598967363377
14.0,5.0,0.050273972602739726,0.6034246575342466,12.0,0.48234895033705344
47.0,7.0,0.09438356164383561,3.187945205479452,-4.0,0.33035959315497054
16.0,2.0,0.29575342465753424,3.6876712328767125,-18.0,0.15071526469192098
15.0,4.0,0.8269863013698631,1.189041095890411,-31.0,0.06664831261670973
37.0,1.0,0.8154794520547946,1.4076712328767125,18.0,0.3648159503665356
37.0,3.0,0.9075342465753424,0.8298630136986301,4.0,0.27265343335169623
20.0,2.0,0.4415068493150685,3.4924657534246575,-10.0,0.1743210159941176
34.0,7.0,0.8442465753424657,1.641917808219178,14.0,0.32923374425192925
35.0,3.0,0.6601369863013699,1.1500000000000001,16.0,0.48829179687059976
12.0,3.0,0.10397260273972603,1.0406849315068494,-28.0,0.23633485238700558
31.0,6.0,0.6946575342465754,2.344657534246575,-17.0,0.10357341389548334
19.0,1.0,0.6352054794520547,3.703287671232877,10.0,0.2760329015313392
37.0,4.0,0.8423287671232876,2.53986301369863,15.0,0.2718695145361202
21.0,3.0,0.10397260273972603,3.3597260273972602,-14.0,0.24315020008450047
47.0,8.0,0.7272602739726027,3.8906849315068492,1.0,0.1992923305356309
42.0,8.0,0.5373972602739726,0.5331506849315069,18.0,0.5465447761792709
37.0,1.0,0.015753424657534248,3.5783561643835617,23.0,0.5494389141841127
47.0,4.0,0.6620547945205479,2.5945205479452054,16.0,0.3952563067490678
43.0,1.0,0.640958904109589,2.3212328767123287,-32.0,0.08704486664895608
24.0,7.0,0.38972602739726026,2.211917808219178,-25.0,0.12745277508348782
45.0,3.0,0.6965753424657535,2.446164383561644,-3.0,0.18835993976833343
33.0,5.0,0.2535616438356164,2.813150684931507,9.0,0.48781738371579614
24.0,8.0,0.8442465753424657,0.2052054794520548,8.0,0.5588408164259053
3.0,2.0,0.8404109589041096,0.3067123287671233,-27.0,0.12177337959000945
31.0,4.0,0.8423287671232876,2.3134246575342465,12.0,0.2699188056657191
16.0,1.0,0.756027397260274,0.2754794520547945,-20.0,0.23228731830175772
42.0,6.0,0.8960273972602739,2.578904109589041,-25.0,0.047629896886070285
28.0,1.0,0.23438356164383561,0.6424657534246576,-31.0,0.2101894625630733
34.0,7.0,0.13273972602739725,2.1494520547945206,-14.0,0.2596989675956671
26.0,2.0,0.9784931506849315,0.8532876712328767,-13.0,0.04504297730686952
21.0,7.0,0.33794520547945206,0.9938356164383563,13.0,0.5799081951555931
41.0,8.0,0.46835616438356165,3.9063013698630136,18.0,0.4286598334354313
14.0,8.0,0.8193150684931507,0.7517808219178083,1.0,0.3403586329337634
12.0,3.0,0.6045205479452055,1.392054794520548,-22.0,0.13028460011564996
47.0,4.0,0.686986301369863,2.633561643835616,2.0,0.2548030491343855
7.0,1.0,0.15575342465753425,0.3457534246575343,5.0,0.4779592974998906
22.0,5.0,0.4913698630136986,3.953150684931507,-24.0,0.0885399178566194
5.0,4.0,0.2650684931506849,0.36136986301369867,-18.0,0.3580922959661794
39.0,5.0,0.011917808219178082,2.2431506849315066,-16.0,0.287633496000357
23.0,5.0,0.5623287671232877,1.79027397260274,6.0,0.4177518486010955
30.0,2.0,0.40506849315068494,1.4779452054794522,27.0,0.4070502696345021
38.0,6.0,0.7886301369863014,3.023972602739726,-20.0,0.06384916233101767
20.0,3.0,0.9727397260273972,1.0875342465753426,-26.0,0.03069966695455411
43.0,2.0,0.6102739726027397,0.3847945205479452,2.0,0.44766858314449764
19.0,4.0,0.03684931506849315,3.0864383561643836,27.0,0.329053493407834
25.0,8.0,0.8135616438356165,1.3842465753424658,29.0,0.1736029009033379
40.0,4.0,0.6332876712328767,0.23643835616438358,-14.0,0.3036078725724405
25.0,2.0,0.9228767123287671,0.033424657534246574,-17.0,0.3124967212815021
22.0,4.0,0.26315068493150684,2.93027397260274,-27.0,0.128840294460232
31.0,4.0,0.9880821917808219,1.5247945205479452,9.0,0.09339232906685867
41.0,3.0,0.1058904109589041,1.2671232876712328,-21.0,0.24974242864419857
35.0,4.0,0.5143835616438356,2.5242465753424654,-14.0,0.14804774256949055
47.0,5.0,0.7464383561643836,3.7891780821917806,-10.0,0.08194582586416876
25.0,2.0,0.3110958904109589,3.2972602739726025,18.0,0.41883317486621846
5.0,8.0,0.031095890410958907,0.8845205479452055,-16.0,0.38459062767949803
21.0,6.0,0.27465753424657535,1.110958904109589,-13.0,0.3120289246209731
9.0,8.0,0.18643835616438356,0.5253424657534247,-2.0,0.556511677903778
13.0,2.0,0.1173972602739726,2.2275342465753423,-5.0,0.4156700170536392
20.0,6.0,0.6275342465753425,2.578904109589041,9.0,0.34714716470350626
38.0,1.0,0.2689041095890411,1.0484931506849315,0.0,0.4336260423114432
42.0,5.0,0.35904109589041094,0.01,-17.0,0.25997504407459093
7.0,7.0,0.11164383561643836,1.2905479452054796,22.0,0.3141500425435806
31.0,7.0,0.09821917808219177,3.3597260273972602,-14.0,0.23697116113716343
22.0,3.0,0.3149315068493151,1.9308219178082193,0.0,0.4192790081643011
34.0,1.0,0.2708219178082192,2.8365753424657534,26.0,0.44379884801360414
32.0,4.0,0.6236986301369863,3.796986301369863,-20.0,0.0832999972084797
45.0,6.0,0.3110958904109589,2.828767123287671,5.0,0.4008200029702838
44.0,3.0,0.44917808219178085,1.103150684931507,-12.0,0.2474021345773103
9.0,5.0,0.828904109589041,0.8689041095890412,19.0,0.13859794869975076
18.0,4.0,0.8960273972602739,0.36917808219178083,19.0,0.2896478953401242
25.0,4.0,0.9765753424657534,1.9386301369863015,10.0,0.11101094625054866
21.0,2.0,0.6984931506849315,3.593972602739726,12.0,0.2639738823144613
46.0,1.0,0.7215068493150685,1.8995890410958904,23.0,0.40460797794118625
33.0,1.0,0.8269863013698631,3.3363013698630137,-28.0,0.04871500453474549
31.0,2.0,0.43767123287671234,0.8689041095890412,27.0,0.4587761165839172
2.0,3.0,0.7061643835616438,3.7735616438356163,-14.0,0.05958491292720826
41.0,2.0,0.8883561643835617,3.0473972602739727,15.0,0.21771169357095255
36.0,3.0,0.2650684931506849,0.3457534246575343,13.0,0.46832667617377965
45.0,1.0,0.8787671232876713,2.696027397260274,-16.0,0.05097444678964118
5.0,3.0,0.2842465753424658,2.633561643835616,-28.0,0.11180378412707041
32.0,3.0,0.8998630136986301,2.383698630136986,12.0,0.21113425267984937
5.0,6.0,0.8538356164383561,0.6971232876712329,14.0,0.14708011105772872
25.0,4.0,0.8442465753424657,1.3061643835616439,-15.0,0.10143528560863825
45.0,2.0,0.22287671232876713,1.9854794520547947,-22.0,0.19087975282522165
6.0,5.0,0.6889041095890411,3.508082191780822,-28.0,0.05105834976716109
12.0,8.0,0.7406849315068493,3.554931506849315,-13.0,0.09588774761739245
21.0,2.0,0.9132876712328767,1.2905479452054796,-7.0,0.10783258478321019
30.0,2.0,0.9094520547945205,1.025068493150685,-29.0,0.0559124312262711
39.0,7.0,0.9478082191780822,1.8136986301369864,-9.0,0.05303721638809307
43.0,4.0,0.14808219178082194,2.008904109589041,-20.0,0.2160597659987616
38.0,4.0,0.920958904109589,1.8215068493150686,-25.0,0.04580170723631312
7.0,3.0,0.26315068493150684,2.6101369863013697,12.0,0.28577990874937426
25.0,2.0,0.7905479452054794,3.2894520547945203,-28.0,0.04696103024358557
23.0,2.0,0.18835616438356165,1.2046575342465755,-22.0,0.24330086604885742
21.0,4.0,0.15383561643835617,1.9776712328767125,-3.0,0.43453554870077554
27.0,3.0,0.6294520547945206,1.6965753424657535,14.0,0.42807519796894566
36.0,2.0,0.4319178082191781,2.906849315068493,-25.0,0.11174481223728773
28.0,3.0,0.663972602739726,1.4389041095890411,-8.0,0.20935247253352096
32.0,2.0,0.23821917808219178,0.7752054794520549,-9.0,0.36982968118050563
28.0,4.0,0.173013698630137,1.0563013698630137,-16.0,0.30134577551605773
3.0,3.0,0.5316438356164384,2.984931506849315,18.0,0.08862804070786374
9.0,5.0,0.47027397260273973,0.7517808219178083,-14.0,0.2865478135824781
36.0,4.0,0.09246575342465753,3.6954794520547947,-9.0,0.28133130523442357
9.0,5.0,0.9535616438356165,3.390958904109589,-17.0,0.030268263571626833
22.0,8.0,0.03684931506849315,3.9375342465753422,17.0,0.5034699116930321
24.0,8.0,0.9765753424657534,0.8064383561643836,-19.0,0.04608721105308641
15.0,6.0,0.05410958904109589,3.023972602739726,3.0,0.5445359311059962
21.0,4.0,0.18835616438356165,0.2989041095890411,-15.0,0.3159089823015938
44.0,2.0,0.7406849315068493,3.515890410958904,-22.0,0.07005043925696314
31.0,2.0,0.9478082191780822,2.7116438356164383,-31.0,0.028048907878823776
24.0,2.0,0.5143835616438356,0.9704109589041097,-31.0,0.13902578438656998
14.0,7.0,0.16534246575342468,1.759041095890411,21.0,0.36159332136013833
10.0,8.0,0.9861643835616438,1.8917808219178083,-18.0,0.02430601110461578
16.0,4.0,0.3667123287671233,3.0083561643835615,-9.0,0.22499523540529814
35.0,3.0,0.38780821917808217,0.2910958904109589,-18.0,0.2848377990968114
20.0,3.0,0.6006849315068493,3.6876712328767125,12.0,0.29853802534795176
20.0,8.0,0.828904109589041,1.353013698630137,-30.0,0.06811172418195406
40.0,7.0,0.19794520547945207,1.673150684931507,8.0,0.511271967868578
21.0,3.0,0.41849315068493154,0.47068493150684937,11.0,0.6080092965294428
24.0,2.0,0.5489041095890411,2.2041095890410958,-11.0,0.1802627399571524
39.0,7.0,0.14808219178082194,0.9469863013698631,14.0,0.5367971711905376
14.0,3.0,0.8998630136986301,0.04904109589041096,-22.0,0.2808041613659828
19.0,4.0,0.7310958904109589,0.1036986301369863,-9.0,0.41248559595511464
19.0,8.0,0.6946575342465754,3.1254794520547944,17.0,0.2462613892192467
36.0,8.0,0.14232876712328768,3.03958904109589,-32.0,0.13400868368597918
14.0,2.0,0.9784931506849315,0.3223287671232877,2.0,0.18348541447711827
30.0,1.0,0.8078082191780822,3.7735616438356163,-15.0,0.05988870033067848
12.0,8.0,0.5565753424657535,2.172876712328767,13.0,0.2949442680973706
22.0,5.0,0.37246575342465754,0.33794520547945206,15.0,0.5594009103447718
12.0,2.0,0.45684931506849313,0.12712328767123288,20.0,0.35594625627819154
18.0,1.0,0.40506849315068494,3.305068493150685,-22.0,0.11681274936892977
2.0,3.0,0.16726027397260274,2.7194520547945205,-11.0,0.23890974979699336
43.0,4.0,0.7426027397260274,0.8689041095890412,1.0,0.3366931059802061
38.0,2.0,0.9247945205479452,0.37698630136986305,-15.0,0.12195185600677821
47.0,4.0,0.6889041095890411,1.6263013698630138,-16.0,0.12382495831554358
47.0,7.0,0.09438356164383561,2.407123287671233,22.0,0.5337607987418795
25.0,8.0,0.7617808219178083,2.7272602739726026,-2.0,0.21050548739459843
2.0,5.0,0.13273972602739725,3.812602739726027,0.0,0.3161920221021646
8.0,6.0,0.32643835616438355,3.1957534246575343,28.0,0.10523318762011828
38.0,5.0,0.6754794520547945,0.3223287671232877,-11.0,0.3073756707912919
31.0,4.0,0.5335616438356164,0.416027397260274,0.0,0.48067345258239785
36.0,6.0,0.8538356164383561,1.189041095890411,20.0,0.36237601711843354
36.0,3.0,0.47027397260273973,3.226986301369863,22.0,0.42118786607597203
12.0,1.0,0.41465753424657537,3.3206849315068494,7.0,0.3181772569690447
6.0,4.0,0.5949315068493151,1.431095890410959,11.0,0.23569867983390014
32.0,5.0,0.9593150684931506,0.35356164383561645,-8.0,0.1273417118607434
35.0,3.0,0.173013698630137,0.4004109589041096,1.0,0.40277912158465595
2.0,2.0,0.5086301369863013,2.875616438356164,6.0,0.1585156169031624
30.0,7.0,0.5047945205479452,1.79027397260274,-20.0,0.14534798859774992
6.0,6.0,0.9708219178082191,1.5326027397260276,1.0,0.07998738403919688
6.0,2.0,0.3628767123287671,2.9615068493150685,-4.0,0.2627980136327506
18.0,4.0,0.3475342465753425,3.3597260273972602,24.0,0.210396815691813
16.0,5.0,0.8193150684931507,3.390958904109589,8.0,0.19525848539416024
5.0,1.0,0.37246575342465754,2.282191780821918,-28.0,0.10287522017669154
28.0,1.0,0.14232876712328768,3.3597260273972602,27.0,0.38842356393534927
33.0,1.0,0.38397260273972605,0.213013698630137,19.0,0.4420234040042344
40.0,6.0,0.8902739726027398,0.5019178082191781,-13.0,0.13838983422662163
43.0,7.0,0.7061643835616438,3.8438356164383563,-30.0,0.06770144412888826
41.0,8.0,0.5297260273972603,1.4389041095890411,21.0,0.5170717652435602
38.0,4.0,0.825068493150685,3.273835616438356,-18.0,0.05441259407513142
14.0,8.0,0.44726027397260276,2.1494520547945206,-8.0,0.2577019061632227
10.0,7.0,0.4415068493150685,1.798082191780822,-9.0,0.2539212409252143
21.0,1.0,0.8461643835616438,0.8532876712328767,25.0,0.19246082360185798
7.0,8.0,0.45493150684931505,3.1957534246575343,-31.0,0.0811916410917151
6.0,7.0,0.4319178082191781,3.4456164383561645,-14.0,0.1392537276690537
11.0,4.0,0.2784931506849315,2.875616438356164,15.0,0.2888318056697181
11.0,4.0,0.17684931506849316,3.8516438356164384,-7.0,0.2774178525847265
14.0,3.0,0.7694520547945205,3.063013698630137,-30.0,0.04953538738786253
40.0,5.0,0.545068493150685,1.595068493150685,12.0,0.4780278712764289
39.0,7.0,0.943972602739726,0.6736986301369864,28.0,0.28620191436903086
42.0,2.0,0.6467123287671233,1.3764383561643836,-16.0,0.1455754325878939
11.0,4.0,0.5143835616438356,0.11931506849315068,25.0,0.3327110009697824
40.0,8.0,0.3110958904109589,1.837123287671233,30.0,0.46670781020328855
26.0,6.0,0.85,1.3998630136986303,-15.0,0.09832623504117805
20.0,1.0,0.2804109589041096,3.117671232876712,-24.0,0.1356101474457584
47.0,4.0,0.897945205479452,3.351917808219178,9.0,0.19861830130924912
20.0,2.0,0.06561643835616437,3.7813698630136985,22.0,0.37600727877237516
17.0,8.0,0.7732876712328767,0.04123287671232877,1.0,0.43171692250273225
16.0,5.0,0.5278082191780822,1.673150684931507,6.0,0.4234099494738385
20.0,2.0,0.6812328767123288,3.7735616438356163,-30.0,0.055414651550408305
10.0,1.0,0.9190410958904109,1.6106849315068494,-11.0,0.06025972685178529
25.0,8.0,0.4913698630136986,1.1656164383561645,-2.0,0.39665557515271027
7.0,6.0,0.0732876712328767,1.1656164383561645,-3.0,0.5647762672044511
3.0,7.0,0.5987671232876712,3.757945205479452,-19.0,0.07363179382949196
44.0,8.0,0.7771232876712328,1.673150684931507,-1.0,0.22832325157486788
43.0,2.0,0.12123287671232875,2.0791780821917807,-5.0,0.35882013669438934
9.0,1.0,0.5853424657534246,2.6491780821917805,28.0,0.07465650423325276
14.0,2.0,0.10780821917808218,3.515890410958904,24.0,0.2406702666572391
8.0,7.0,0.5757534246575342,3.953150684931507,-13.0,0.11099884894131153
45.0,3.0,0.8845205479452055,0.9235616438356165,0.0,0.21984785355784292
20.0,8.0,0.15767123287671234,1.8293150684931507,-32.0,0.15720144095488955
6.0,1.0,0.6332876712328767,2.7663013698630134,-13.0,0.09413689373057502
5.0,8.0,0.6006849315068493,2.750684931506849,18.0,0.11006365621704624
7.0,8.0,0.9842465753424657,0.36136986301369867,5.0,0.1312428630856294
8.0,4.0,0.2516438356164383,3.4143835616438354,10.0,0.3028077644931123
13.0,8.0,0.8826027397260274,2.266575342465753,28.0,0.05689270033027704
5.0,8.0,0.1941095890410959,3.3363013698630137,9.0,0.31413902179727077
9.0,1.0,0.7598630136986302,3.5627397260273974,-21.0,0.05067888919369201
27.0,1.0,0.5949315068493151,3.508082191780822,-3.0,0.2060639345071712
12.0,6.0,0.803972602739726,0.7439726027397261,-26.0,0.10771518036308442
29.0,6.0,0.5278082191780822,0.05684931506849315,0.0,0.36207945393689905
5.0,2.0,0.6754794520547945,1.5872602739726027,-13.0,0.12696282831467046
44.0,1.0,0.8231506849315069,0.9235616438356165,-13.0,0.12899729001053192
13.0,8.0,0.3628767123287671,0.17397260273972603,-19.0,0.3160845260591686
45.0,6.0,0.0732876712328767,2.9224657534246576,5.0,0.46109942136069265
21.0,4.0,0.09246575342465753,2.0323287671232877,-11.0,0.3351852861743431
27.0,8.0,0.966986301369863,3.4924657534246575,-8.0,0.042572026305688654
12.0,5.0,0.7598630136986302,0.8064383561643836,-4.0,0.29039461669489425
21.0,6.0,0.6313698630136987,3.633013698630137,27.0,0.13878131481436423
36.0,7.0,0.0426027397260274,3.0083561643835615,8.0,0.52745735424153
19.0,8.0,0.5527397260273973,2.453972602739726,27.0,0.17003376653427008
25.0,4.0,0.3034246575342466,1.2983561643835617,-8.0,0.34540135339135675
3.0,6.0,0.14808219178082194,1.9230136986301372,6.0,0.4297922488573688
28.0,8.0,0.7291780821917808,1.3842465753424658,20.0,0.3824906898452815
32.0,2.0,0.21136986301369864,1.0797260273972604,-9.0,0.3590686740169927
9.0,1.0,0.9286301369863014,1.6263013698630138,-9.0,0.0603585601957276
25.0,2.0,0.21328767123287673,1.6106849315068494,4.0,0.5205205345604018
20.0,8.0,0.8672602739726027,3.3753424657534246,10.0,0.19704577214657107
5.0,2.0,0.45493150684931505,2.266575342465753,8.0,0.2446942085626845
32.0,6.0,0.45301369863013696,3.5627397260273974,-10.0,0.1680338541965153
28.0,4.0,0.43575342465753425,3.461232876712329,27.0,0.2861627766397609
