{
"meta":{"test_sets":[],"test_metrics":[],"learn_metrics":[{"best_value":"Min","name":"RMSE"}],"launch_mode":"Train","parameters":"","iteration_count":1000,"learn_sets":["learn"],"name":"experiment"},
"iterations":[
{"learn":[22.47097504],"iteration":0,"passed_time":0.001378409352,"remaining_time":1.377030942},
{"learn":[22.40369976],"iteration":1,"passed_time":0.002596621558,"remaining_time":1.295714157},
{"learn":[22.34145097],"iteration":2,"passed_time":0.003813721509,"remaining_time":1.267426782},
{"learn":[22.28387377],"iteration":3,"passed_time":0.004979335707,"remaining_time":1.239854591},
{"learn":[22.23601328],"iteration":4,"passed_time":0.006279867748,"remaining_time":1.249693682},
{"learn":[22.19032091],"iteration":5,"passed_time":0.007580560808,"remaining_time":1.255846241},
{"learn":[22.145688],"iteration":6,"passed_time":0.008801637002,"remaining_time":1.248575078},
{"learn":[22.09365798],"iteration":7,"passed_time":0.0100892926,"remaining_time":1.251072282},
{"learn":[22.05602596],"iteration":8,"passed_time":0.01133004731,"remaining_time":1.247564098},
{"learn":[22.0114851],"iteration":9,"passed_time":0.01279951866,"remaining_time":1.267152347},
{"learn":[21.96515401],"iteration":10,"passed_time":0.01393887336,"remaining_time":1.253231432},
{"learn":[21.90922092],"iteration":11,"passed_time":0.01516317726,"remaining_time":1.248434928},
{"learn":[21.82813493],"iteration":12,"passed_time":0.01638606202,"remaining_time":1.244080247},
{"learn":[21.78390442],"iteration":13,"passed_time":0.01757829726,"remaining_time":1.238014364},
{"learn":[21.72692748],"iteration":14,"passed_time":0.01872911549,"remaining_time":1.229878584},
{"learn":[21.65167062],"iteration":15,"passed_time":0.01997274177,"remaining_time":1.228323619},
{"learn":[21.59707603],"iteration":16,"passed_time":0.02109801657,"remaining_time":1.219961782},
{"learn":[21.56045394],"iteration":17,"passed_time":0.02230538335,"remaining_time":1.216882581},
{"learn":[21.52925341],"iteration":18,"passed_time":0.02345952211,"remaining_time":1.211252168},
{"learn":[21.50073007],"iteration":19,"passed_time":0.02468815189,"remaining_time":1.209719443},
{"learn":[21.47444566],"iteration":20,"passed_time":0.02589640604,"remaining_time":1.207265786},
{"learn":[21.43769133],"iteration":21,"passed_time":0.02715239918,"remaining_time":1.207047564},
{"learn":[21.39131493],"iteration":22,"passed_time":0.02840175343,"remaining_time":1.206457092},
{"learn":[21.35616864],"iteration":23,"passed_time":0.02960016534,"remaining_time":1.203740057},
{"learn":[21.32888995],"iteration":24,"passed_time":0.03077530109,"remaining_time":1.200236742},
{"learn":[21.2984489],"iteration":25,"passed_time":0.03191448963,"remaining_time":1.195565881},
{"learn":[21.23590077],"iteration":26,"passed_time":0.03308497772,"remaining_time":1.192284568},
{"learn":[21.20346931],"iteration":27,"passed_time":0.03421624301,"remaining_time":1.187792436},
{"learn":[21.18149387],"iteration":28,"passed_time":0.03537890121,"remaining_time":1.184583209},
{"learn":[21.1390627],"iteration":29,"passed_time":0.0365681975,"remaining_time":1.182371719},
{"learn":[21.10273934],"iteration":30,"passed_time":0.03785903208,"remaining_time":1.183400067},
{"learn":[21.05376654],"iteration":31,"passed_time":0.03935121156,"remaining_time":1.19037415},
{"learn":[21.00499373],"iteration":32,"passed_time":0.04061829152,"remaining_time":1.190239027},
{"learn":[20.98119217],"iteration":33,"passed_time":0.04231274087,"remaining_time":1.202179638},
{"learn":[20.95906872],"iteration":34,"passed_time":0.04309365459,"remaining_time":1.188153619},
{"learn":[20.91647519],"iteration":35,"passed_time":0.04422657662,"remaining_time":1.184289441},
{"learn":[20.89641902],"iteration":36,"passed_time":0.04538208554,"remaining_time":1.181160767},
{"learn":[20.87119013],"iteration":37,"passed_time":0.04656305859,"remaining_time":1.178780589},
{"learn":[20.83123437],"iteration":38,"passed_time":0.04781537642,"remaining_time":1.178219916},
{"learn":[20.79134901],"iteration":39,"passed_time":0.04898199787,"remaining_time":1.175567949},
{"learn":[20.75453049],"iteration":40,"passed_time":0.05010124161,"remaining_time":1.171880261},
{"learn":[20.71981146],"iteration":41,"passed_time":0.05124022069,"remaining_time":1.168765034},
{"learn":[20.69791615],"iteration":42,"passed_time":0.05244250979,"remaining_time":1.167150741},
{"learn":[20.66758894],"iteration":43,"passed_time":0.05364347988,"remaining_time":1.165526518},
{"learn":[20.64333079],"iteration":44,"passed_time":0.05486635409,"remaining_time":1.164385959},
{"learn":[20.61909321],"iteration":45,"passed_time":0.05628976997,"remaining_time":1.167400882},
{"learn":[20.58408305],"iteration":46,"passed_time":0.05773123686,"remaining_time":1.170592952},
{"learn":[20.52980915],"iteration":47,"passed_time":0.05900367892,"remaining_time":1.170239632},
{"learn":[20.49668692],"iteration":48,"passed_time":0.06022209653,"remaining_time":1.168800282},
{"learn":[20.46430367],"iteration":49,"passed_time":0.06142163801,"remaining_time":1.167011122},
{"learn":[20.43518901],"iteration":50,"passed_time":0.06258910028,"remaining_time":1.16464816},
{"learn":[20.38514912],"iteration":51,"passed_time":0.06377407448,"remaining_time":1.162650435},
{"learn":[20.35422056],"iteration":52,"passed_time":0.06493953226,"remaining_time":1.160334661},
{"learn":[20.32698232],"iteration":53,"passed_time":0.06606881497,"remaining_time":1.157427758},
{"learn":[20.28556883],"iteration":54,"passed_time":0.06738074532,"remaining_time":1.157723715},
{"learn":[20.26446738],"iteration":55,"passed_time":0.06857319408,"remaining_time":1.155948129},
{"learn":[20.22344569],"iteration":56,"passed_time":0.06987574306,"remaining_time":1.156014486},
{"learn":[20.19924586],"iteration":57,"passed_time":0.07164620919,"remaining_time":1.16363326},
{"learn":[20.18886511],"iteration":58,"passed_time":0.07282388012,"remaining_time":1.161479173},
{"learn":[20.16228072],"iteration":59,"passed_time":0.0740108561,"remaining_time":1.159503412},
{"learn":[20.12339325],"iteration":60,"passed_time":0.075199537,"remaining_time":1.157579758},
{"learn":[20.10505148],"iteration":61,"passed_time":0.07641355511,"remaining_time":1.15606314},
{"learn":[20.07965743],"iteration":62,"passed_time":0.07759704441,"remaining_time":1.154102073},
{"learn":[20.06250142],"iteration":63,"passed_time":0.07871509632,"remaining_time":1.151208284},
{"learn":[20.01007667],"iteration":64,"passed_time":0.07987440395,"remaining_time":1.14896258},
{"learn":[19.99001438],"iteration":65,"passed_time":0.08104557401,"remaining_time":1.146917669},
{"learn":[19.96514106],"iteration":66,"passed_time":0.08231781203,"remaining_time":1.146306248},
{"learn":[19.92320186],"iteration":67,"passed_time":0.08342355878,"remaining_time":1.143393482},
{"learn":[19.90566595],"iteration":68,"passed_time":0.08462580323,"remaining_time":1.141835113},
{"learn":[19.88967049],"iteration":69,"passed_time":0.08598206708,"remaining_time":1.142333177},
{"learn":[19.87549293],"iteration":70,"passed_time":0.08715533662,"remaining_time":1.140384616},
{"learn":[19.84126096],"iteration":71,"passed_time":0.08823525254,"remaining_time":1.137254366},
{"learn":[19.81409527],"iteration":72,"passed_time":0.08938194271,"remaining_time":1.135028231},
{"learn":[19.78872718],"iteration":73,"passed_time":0.09054948374,"remaining_time":1.133092188},
{"learn":[19.77099933],"iteration":74,"passed_time":0.09161045777,"remaining_time":1.129862313},
{"learn":[19.7355862],"iteration":75,"passed_time":0.09274085382,"remaining_time":1.127533539},
{"learn":[19.7030398],"iteration":76,"passed_time":0.09390342894,"remaining_time":1.125621622},
{"learn":[19.68926106],"iteration":77,"passed_time":0.09507371082,"remaining_time":1.123820018},
{"learn":[19.66613629],"iteration":78,"passed_time":0.09624834077,"remaining_time":1.122085087},
{"learn":[19.64628543],"iteration":79,"passed_time":0.09744484804,"remaining_time":1.120615753},
{"learn":[19.62252635],"iteration":80,"passed_time":0.09856324284,"remaining_time":1.118266916},
{"learn":[19.59844385],"iteration":81,"passed_time":0.09979964514,"remaining_time":1.117269198},
{"learn":[19.57023682],"iteration":82,"passed_time":0.1011869696,"remaining_time":1.117933146},
{"learn":[19.52028277],"iteration":83,"passed_time":0.1025522281,"remaining_time":1.11830763},
{"learn":[19.50413642],"iteration":84,"passed_time":0.1038135684,"remaining_time":1.117522531},
{"learn":[19.4742707],"iteration":85,"passed_time":0.1050622867,"remaining_time":1.11659221},
{"learn":[19.44545294],"iteration":86,"passed_time":0.1065764166,"remaining_time":1.118439866},
{"learn":[19.40469641],"iteration":87,"passed_time":0.1079520182,"remaining_time":1.118775462},
{"learn":[19.38812645],"iteration":88,"passed_time":0.1093465371,"remaining_time":1.11926624},
{"learn":[19.36295548],"iteration":89,"passed_time":0.1106398003,"remaining_time":1.118691314},
{"learn":[19.34888633],"iteration":90,"passed_time":0.1118290241,"remaining_time":1.11706135},
{"learn":[19.31811875],"iteration":91,"passed_time":0.1129837663,"remaining_time":1.11510065},
{"learn":[19.30165733],"iteration":92,"passed_time":0.114474098,"remaining_time":1.116430181},
{"learn":[19.26859644],"iteration":93,"passed_time":0.1157836257,"remaining_time":1.115957074},
{"learn":[19.23758424],"iteration":94,"passed_time":0.1169833396,"remaining_time":1.114420235},
{"learn":[19.20392475],"iteration":95,"passed_time":0.1183695377,"remaining_time":1.11464648},
{"learn":[19.18461802],"iteration":96,"passed_time":0.1196898146,"remaining_time":1.1142258},
{"learn":[19.16442241],"iteration":97,"passed_time":0.1208652889,"remaining_time":1.112453985},
{"learn":[19.1388163],"iteration":98,"passed_time":0.1220125495,"remaining_time":1.110437446},
{"learn":[19.11864176],"iteration":99,"passed_time":0.1231029834,"remaining_time":1.107926851},
{"learn":[19.10233243],"iteration":100,"passed_time":0.1243256425,"remaining_time":1.106621313},
{"learn":[19.07841973],"iteration":101,"passed_time":0.1255448917,"remaining_time":1.10528738},
{"learn":[19.0550081],"iteration":102,"passed_time":0.126768171,"remaining_time":1.103990771},
{"learn":[19.03995426],"iteration":103,"passed_time":0.1279619066,"remaining_time":1.102441042},
{"learn":[19.01964894],"iteration":104,"passed_time":0.1295757532,"remaining_time":1.104479039},
{"learn":[19.00443249],"iteration":105,"passed_time":0.13082416,"remaining_time":1.103366029},
{"learn":[18.96181473],"iteration":106,"passed_time":0.1319705655,"remaining_time":1.101399205},
{"learn":[18.93923225],"iteration":107,"passed_time":0.1332185482,"remaining_time":1.100286528},
{"learn":[18.92299704],"iteration":108,"passed_time":0.1344574078,"remaining_time":1.099096792},
{"learn":[18.90173583],"iteration":109,"passed_time":0.135586323,"remaining_time":1.097016613},
{"learn":[18.88171581],"iteration":110,"passed_time":0.1368065224,"remaining_time":1.09568467},
{"learn":[18.8563207],"iteration":111,"passed_time":0.1379668264,"remaining_time":1.093879838},
{"learn":[18.8301479],"iteration":112,"passed_time":0.1391203763,"remaining_time":1.092033396},
{"learn":[18.79444525],"iteration":113,"passed_time":0.1403541506,"remaining_time":1.090822609},
{"learn":[18.77012751],"iteration":114,"passed_time":0.1415503147,"remaining_time":1.089321987},
{"learn":[18.74587833],"iteration":115,"passed_time":0.142734096,"remaining_time":1.087732249},
{"learn":[18.72619634],"iteration":116,"passed_time":0.1442051578,"remaining_time":1.088317559},
{"learn":[18.7108667],"iteration":117,"passed_time":0.1453646332,"remaining_time":1.086539038},
{"learn":[18.68410428],"iteration":118,"passed_time":0.1465468636,"remaining_time":1.084939385},
{"learn":[18.66534427],"iteration":119,"passed_time":0.147674049,"remaining_time":1.082943026},
{"learn":[18.63488372],"iteration":120,"passed_time":0.1488609617,"remaining_time":1.08139492},
{"learn":[18.61729463],"iteration":121,"passed_time":0.150236208,"remaining_time":1.08120812},
{"learn":[18.59466573],"iteration":122,"passed_time":0.1515484847,"remaining_time":1.080553017},
{"learn":[18.5690668],"iteration":123,"passed_time":0.1527312712,"remaining_time":1.078972529},
{"learn":[18.54149805],"iteration":124,"passed_time":0.153952483,"remaining_time":1.077667381},
{"learn":[18.52066914],"iteration":125,"passed_time":0.1551671438,"remaining_time":1.076318125},
{"learn":[18.50283683],"iteration":126,"passed_time":0.156408003,"remaining_time":1.075151076},
{"learn":[18.47722794],"iteration":127,"passed_time":0.1577353585,"remaining_time":1.07457213},
{"learn":[18.44707553],"iteration":128,"passed_time":0.1589325575,"remaining_time":1.073102772},
{"learn":[18.44061868],"iteration":129,"passed_time":0.1600263661,"remaining_time":1.070945681},
{"learn":[18.42831596],"iteration":130,"passed_time":0.1612296724,"remaining_time":1.069531186},
{"learn":[18.40440169],"iteration":131,"passed_time":0.1624003521,"remaining_time":1.067905346},
{"learn":[18.37768112],"iteration":132,"passed_time":0.1635909712,"remaining_time":1.066416331},
{"learn":[18.36199724],"iteration":133,"passed_time":0.1647737655,"remaining_time":1.064881201},
{"learn":[18.35086011],"iteration":134,"passed_time":0.1660716823,"remaining_time":1.064088927},
{"learn":[18.31395648],"iteration":135,"passed_time":0.1672626012,"remaining_time":1.062609467},
{"learn":[18.30837247],"iteration":136,"passed_time":0.1683753674,"remaining_time":1.060641913},
{"learn":[18.27654079],"iteration":137,"passed_time":0.1695097594,"remaining_time":1.058821831},
{"learn":[18.26174962],"iteration":138,"passed_time":0.1706671148,"remaining_time":1.057153855},
{"learn":[18.24181071],"iteration":139,"passed_time":0.1718152108,"remaining_time":1.055436295},
{"learn":[18.20257257],"iteration":140,"passed_time":0.1733026003,"remaining_time":1.055793856},
{"learn":[18.1942076],"iteration":141,"passed_time":0.1744823269,"remaining_time":1.054266454},
{"learn":[18.1457795],"iteration":142,"passed_time":0.1756604081,"remaining_time":1.052734054},
{"learn":[18.1076074],"iteration":143,"passed_time":0.1768398878,"remaining_time":1.051214889},
{"learn":[18.08975848],"iteration":144,"passed_time":0.1779890125,"remaining_time":1.049521419},
{"learn":[18.05871804],"iteration":145,"passed_time":0.1791333412,"remaining_time":1.047807352},
{"learn":[18.0272514],"iteration":146,"passed_time":0.1802761886,"remaining_time":1.046092441},
{"learn":[18.01479012],"iteration":147,"passed_time":0.1814453198,"remaining_time":1.044536571},
{"learn":[18.00241366],"iteration":148,"passed_time":0.1827415224,"remaining_time":1.043711648},
{"learn":[17.97147862],"iteration":149,"passed_time":0.1838782353,"remaining_time":1.041976667},
{"learn":[17.96099677],"iteration":150,"passed_time":0.1850798546,"remaining_time":1.040614547},
{"learn":[17.9189703],"iteration":151,"passed_time":0.1862709895,"remaining_time":1.039196047},
{"learn":[17.91003367],"iteration":152,"passed_time":0.188012966,"remaining_time":1.040829949},
{"learn":[17.88527454],"iteration":153,"passed_time":0.1895370128,"remaining_time":1.04122281},
{"learn":[17.86337055],"iteration":154,"passed_time":0.1910062768,"remaining_time":1.041292283},
{"learn":[17.8385842],"iteration":155,"passed_time":0.1927869732,"remaining_time":1.043026958},
{"learn":[17.8277564],"iteration":156,"passed_time":0.194134988,"remaining_time":1.042393598},
{"learn":[17.80734514],"iteration":157,"passed_time":0.1956881867,"remaining_time":1.04284464},
{"learn":[17.78027052],"iteration":158,"passed_time":0.1970316945,"remaining_time":1.042161353},
{"learn":[17.75632639],"iteration":159,"passed_time":0.1985617223,"remaining_time":1.042449042},
{"learn":[17.73821451],"iteration":160,"passed_time":0.2001149394,"remaining_time":1.042834995},
{"learn":[17.71926365],"iteration":161,"passed_time":0.2015654291,"remaining_time":1.042665615},
{"learn":[17.70066961],"iteration":162,"passed_time":0.2028926528,"remaining_time":1.041847548},
{"learn":[17.68156225],"iteration":163,"passed_time":0.2041873697,"remaining_time":1.040857568},
{"learn":[17.67439151],"iteration":164,"passed_time":0.2056582312,"remaining_time":1.040755291},
{"learn":[17.65163499],"iteration":165,"passed_time":0.206980702,"remaining_time":1.039890997},
{"learn":[17.63155091],"iteration":166,"passed_time":0.2081872818,"remaining_time":1.038443148},
{"learn":[17.58142414],"iteration":167,"passed_time":0.209323139,"remaining_time":1.036647927},
{"learn":[17.53902659],"iteration":168,"passed_time":0.2105631779,"remaining_time":1.035372786},
{"learn":[17.50459434],"iteration":169,"passed_time":0.2117051994,"remaining_time":1.033619503},
{"learn":[17.4742933],"iteration":170,"passed_time":0.2129274149,"remaining_time":1.032262146},
{"learn":[17.46456493],"iteration":171,"passed_time":0.2145686492,"remaining_time":1.032923497},
{"learn":[17.44847439],"iteration":172,"passed_time":0.216342389,"remaining_time":1.034191652},
{"learn":[17.43002987],"iteration":173,"passed_time":0.2177426603,"remaining_time":1.033651939},
{"learn":[17.39503812],"iteration":174,"passed_time":0.2191767473,"remaining_time":1.033261809},
{"learn":[17.36911433],"iteration":175,"passed_time":0.2208098067,"remaining_time":1.033791368},
{"learn":[17.35540082],"iteration":176,"passed_time":0.2224512708,"remaining_time":1.03433557},
{"learn":[17.30893002],"iteration":177,"passed_time":0.2239995596,"remaining_time":1.034424932},
{"learn":[17.29750138],"iteration":178,"passed_time":0.2253068109,"remaining_time":1.033390456},
{"learn":[17.25484896],"iteration":179,"passed_time":0.2265974517,"remaining_time":1.03227728},
{"learn":[17.23738875],"iteration":180,"passed_time":0.2279159757,"remaining_time":1.03128831},
{"learn":[17.22974558],"iteration":181,"passed_time":0.2294493573,"remaining_time":1.031261397},
{"learn":[17.20465447],"iteration":182,"passed_time":0.2314506201,"remaining_time":1.033306867},
{"learn":[17.18967378],"iteration":183,"passed_time":0.2329249426,"remaining_time":1.032971485},
{"learn":[17.1772055],"iteration":184,"passed_time":0.2342302351,"remaining_time":1.031879144},
{"learn":[17.16854192],"iteration":185,"passed_time":0.2355589927,"remaining_time":1.030887205},
{"learn":[17.14715421],"iteration":186,"passed_time":0.236941042,"remaining_time":1.030123354},
{"learn":[17.13683072],"iteration":187,"passed_time":0.2382689901,"remaining_time":1.029119255},
{"learn":[17.11720107],"iteration":188,"passed_time":0.2397783903,"remaining_time":1.028890342},
{"learn":[17.10386227],"iteration":189,"passed_time":0.2410871912,"remaining_time":1.027792763},
{"learn":[17.08282632],"iteration":190,"passed_time":0.2424119634,"remaining_time":1.02676062},
{"learn":[17.0695261],"iteration":191,"passed_time":0.2437421988,"remaining_time":1.02574842},
{"learn":[17.05127382],"iteration":192,"passed_time":0.2454200201,"remaining_time":1.026186302},
{"learn":[17.03786809],"iteration":193,"passed_time":0.2470996231,"remaining_time":1.026609775},
{"learn":[17.02677734],"iteration":194,"passed_time":0.2486258143,"remaining_time":1.026378362},
{"learn":[17.00475144],"iteration":195,"passed_time":0.2499093697,"remaining_time":1.025138435},
{"learn":[16.9739399],"iteration":196,"passed_time":0.2512634843,"remaining_time":1.024185675},
{"learn":[16.95156967],"iteration":197,"passed_time":0.2526326568,"remaining_time":1.023289852},
{"learn":[16.93475411],"iteration":198,"passed_time":0.2540391128,"remaining_time":1.022539344},
{"learn":[16.91505643],"iteration":199,"passed_time":0.2553532861,"remaining_time":1.021413144},
{"learn":[16.89202182],"iteration":200,"passed_time":0.256543673,"remaining_time":1.019793009},
{"learn":[16.88420234],"iteration":201,"passed_time":0.2577355748,"remaining_time":1.018183112},
{"learn":[16.86300949],"iteration":202,"passed_time":0.2590819946,"remaining_time":1.017183988},
{"learn":[16.84340168],"iteration":203,"passed_time":0.260459638,"remaining_time":1.016303294},
{"learn":[16.81820221],"iteration":204,"passed_time":0.2620580909,"remaining_time":1.01627406},
{"learn":[16.7737453],"iteration":205,"passed_time":0.2634994414,"remaining_time":1.015624061},
{"learn":[16.76226459],"iteration":206,"passed_time":0.2648860111,"remaining_time":1.014756554},
{"learn":[16.74489266],"iteration":207,"passed_time":0.266161148,"remaining_time":1.013459756},
{"learn":[16.72751016],"iteration":208,"passed_time":0.26751953,"remaining_time":1.012478221},
{"learn":[16.69940946],"iteration":209,"passed_time":0.2689061711,"remaining_time":1.011599406},
{"learn":[16.68376865],"iteration":210,"passed_time":0.2702402497,"remaining_time":1.010519227},
{"learn":[16.64552322],"iteration":211,"passed_time":0.2715937859,"remaining_time":1.009508978},
{"learn":[16.60121962],"iteration":212,"passed_time":0.272807466,"remaining_time":1.007978759},
{"learn":[16.58836438],"iteration":213,"passed_time":0.2739653837,"remaining_time":1.00624669},
{"learn":[16.55830563],"iteration":214,"passed_time":0.2752641032,"remaining_time":1.005034051},
{"learn":[16.54673327],"iteration":215,"passed_time":0.2764884514,"remaining_time":1.003550676},
{"learn":[16.52092951],"iteration":216,"passed_time":0.2784302067,"remaining_time":1.004658303},
{"learn":[16.50037403],"iteration":217,"passed_time":0.2798354168,"remaining_time":1.003813284},
{"learn":[16.48009854],"iteration":218,"passed_time":0.2811504138,"remaining_time":1.00264143},
{"learn":[16.44322254],"iteration":219,"passed_time":0.2825274278,"remaining_time":1.001688153},
{"learn":[16.41802578],"iteration":220,"passed_time":0.2838062398,"remaining_time":1.00038489},
{"learn":[16.40627712],"iteration":221,"passed_time":0.2852269045,"remaining_time":0.9995789717},
{"learn":[16.39714875],"iteration":222,"passed_time":0.2866176813,"remaining_time":0.9986634007},
{"learn":[16.39443269],"iteration":223,"passed_time":0.2877328037,"remaining_time":0.9967886415},
{"learn":[16.36887761],"iteration":224,"passed_time":0.2888545166,"remaining_time":0.994943335},
{"learn":[16.35365591],"iteration":225,"passed_time":0.2901409725,"remaining_time":0.9936686405},
{"learn":[16.32929432],"iteration":226,"passed_time":0.2912127774,"remaining_time":0.9916628939},
{"learn":[16.29390353],"iteration":227,"passed_time":0.2924723233,"remaining_time":0.9903010244},
{"learn":[16.25545659],"iteration":228,"passed_time":0.2940306102,"remaining_time":0.9899458534},
{"learn":[16.21530701],"iteration":229,"passed_time":0.2954688824,"remaining_time":0.9891784323},
{"learn":[16.18771912],"iteration":230,"passed_time":0.2969338784,"remaining_time":0.9884941668},
{"learn":[16.1665965],"iteration":231,"passed_time":0.2982553011,"remaining_time":0.9873278933},
{"learn":[16.13865265],"iteration":232,"passed_time":0.2996170691,"remaining_time":0.9862930988},
{"learn":[16.11726351],"iteration":233,"passed_time":0.3010942556,"remaining_time":0.9856333325},
{"learn":[16.10547562],"iteration":234,"passed_time":0.3024156807,"remaining_time":0.9844595564},
{"learn":[16.0788098],"iteration":235,"passed_time":0.3036459064,"remaining_time":0.9829892901},
{"learn":[16.05540327],"iteration":236,"passed_time":0.3049000247,"remaining_time":0.9815979697},
{"learn":[16.02059949],"iteration":237,"passed_time":0.3060845163,"remaining_time":0.97998488},
{"learn":[15.98713953],"iteration":238,"passed_time":0.3071768175,"remaining_time":0.9780818332},
{"learn":[15.96165654],"iteration":239,"passed_time":0.3084200135,"remaining_time":0.9766633761},
{"learn":[15.9249067],"iteration":240,"passed_time":0.3100505718,"remaining_time":0.9764663236},
{"learn":[15.8990316],"iteration":241,"passed_time":0.3114480759,"remaining_time":0.9755274445},
{"learn":[15.88275902],"iteration":242,"passed_time":0.3128090849,"remaining_time":0.9744710998},
{"learn":[15.86185335],"iteration":243,"passed_time":0.3141159581,"remaining_time":0.973244526},
{"learn":[15.83404181],"iteration":244,"passed_time":0.3156561131,"remaining_time":0.9727361853},
{"learn":[15.81862467],"iteration":245,"passed_time":0.3170324189,"remaining_time":0.9717172515},
{"learn":[15.80095619],"iteration":246,"passed_time":0.3184071941,"remaining_time":0.9706907577},
{"learn":[15.76025495],"iteration":247,"passed_time":0.3196856745,"remaining_time":0.9693694647},
{"learn":[15.73747038],"iteration":248,"passed_time":0.3208386269,"remaining_time":0.9676699148},
{"learn":[15.7219533],"iteration":249,"passed_time":0.3220040289,"remaining_time":0.9660120868},
{"learn":[15.71314961],"iteration":250,"passed_time":0.3231495211,"remaining_time":0.96429877},
{"learn":[15.69473917],"iteration":251,"passed_time":0.3245673554,"remaining_time":0.9633983405},
{"learn":[15.68658803],"iteration":252,"passed_time":0.3261443723,"remaining_time":0.9629638185},
{"learn":[15.67365715],"iteration":253,"passed_time":0.327444119,"remaining_time":0.9617059557},
{"learn":[15.63930985],"iteration":254,"passed_time":0.3286926592,"remaining_time":0.9602981612},
{"learn":[15.60471732],"iteration":255,"passed_time":0.3299838505,"remaining_time":0.9590155654},
{"learn":[15.60120693],"iteration":256,"passed_time":0.3313478384,"remaining_time":0.9579433615},
{"learn":[15.56332143],"iteration":257,"passed_time":0.3329371231,"remaining_time":0.9575168424},
{"learn":[15.52673522],"iteration":258,"passed_time":0.3345515702,"remaining_time":0.9571533341},
{"learn":[15.49783608],"iteration":259,"passed_time":0.3358773594,"remaining_time":0.9559586382},
{"learn":[15.46290701],"iteration":260,"passed_time":0.3372573865,"remaining_time":0.9549165081},
{"learn":[15.45510825],"iteration":261,"passed_time":0.3386677278,"remaining_time":0.9539571876},
{"learn":[15.42657445],"iteration":262,"passed_time":0.3400119523,"remaining_time":0.952809159},
{"learn":[15.3995231],"iteration":263,"passed_time":0.3416974497,"remaining_time":0.9526110719},
{"learn":[15.37208812],"iteration":264,"passed_time":0.3435038265,"remaining_time":0.9527370283},
{"learn":[15.33690825],"iteration":265,"passed_time":0.3451418421,"remaining_time":0.95238388},
{"learn":[15.31490397],"iteration":266,"passed_time":0.3466615216,"remaining_time":0.9516962371},
{"learn":[15.26652989],"iteration":267,"passed_time":0.3484318886,"remaining_time":0.9516870988},
{"learn":[15.25073183],"iteration":268,"passed_time":0.3498461072,"remaining_time":0.9506970422},
{"learn":[15.23632583],"iteration":269,"passed_time":0.3513244059,"remaining_time":0.9498770975},
{"learn":[15.22618645],"iteration":270,"passed_time":0.3527199575,"remaining_time":0.9488297013},
{"learn":[15.19508583],"iteration":271,"passed_time":0.3539499236,"remaining_time":0.9473365603},
{"learn":[15.17229404],"iteration":272,"passed_time":0.3551309865,"remaining_time":0.945715118},
{"learn":[15.14488563],"iteration":273,"passed_time":0.3565759788,"remaining_time":0.9447962066},
{"learn":[15.12538121],"iteration":274,"passed_time":0.3581323359,"remaining_time":0.9441670674},
{"learn":[15.11551035],"iteration":275,"passed_time":0.3594364467,"remaining_time":0.9428695195},
{"learn":[15.09114339],"iteration":276,"passed_time":0.3608362711,"remaining_time":0.9418217473},
{"learn":[15.04780854],"iteration":277,"passed_time":0.3623745334,"remaining_time":0.9411309824},
{"learn":[15.03495431],"iteration":278,"passed_time":0.3639033612,"remaining_time":0.9404097615},
{"learn":[15.02075428],"iteration":279,"passed_time":0.3653710968,"remaining_time":0.9395256775},
{"learn":[14.98495998],"iteration":280,"passed_time":0.3667776562,"remaining_time":0.9384809068},
{"learn":[14.96640027],"iteration":281,"passed_time":0.3679885216,"remaining_time":0.9369353138},
{"learn":[14.95015177],"iteration":282,"passed_time":0.3692231378,"remaining_time":0.9354522608},
{"learn":[14.92479906],"iteration":283,"passed_time":0.3704995618,"remaining_time":0.93407636},
{"learn":[14.88765789],"iteration":284,"passed_time":0.3719706071,"remaining_time":0.9331894177},
{"learn":[14.84370369],"iteration":285,"passed_time":0.3737997908,"remaining_time":0.9331924847},
{"learn":[14.81655886],"iteration":286,"passed_time":0.3753121275,"remaining_time":0.9323956338},
{"learn":[14.78020919],"iteration":287,"passed_time":0.3768484012,"remaining_time":0.9316529919},
{"learn":[14.76147731],"iteration":288,"passed_time":0.378272862,"remaining_time":0.9306297746},
{"learn":[14.72979717],"iteration":289,"passed_time":0.3795907793,"remaining_time":0.9293429424},
{"learn":[14.69739357],"iteration":290,"passed_time":0.3809230163,"remaining_time":0.9280907854},
{"learn":[14.67950711],"iteration":291,"passed_time":0.3823786848,"remaining_time":0.9271373591},
{"learn":[14.6538747],"iteration":292,"passed_time":0.3836602463,"remaining_time":0.9257603896},
{"learn":[14.63646783],"iteration":293,"passed_time":0.3848569065,"remaining_time":0.9241801904},
{"learn":[14.62543099],"iteration":294,"passed_time":0.3859790973,"remaining_time":0.9224246223},
{"learn":[14.58813759],"iteration":295,"passed_time":0.3872615499,"remaining_time":0.9210544971},
{"learn":[14.57006547],"iteration":296,"passed_time":0.3887801456,"remaining_time":0.9202439136},
{"learn":[14.54066017],"iteration":297,"passed_time":0.3903205641,"remaining_time":0.9194799867},
{"learn":[14.53755343],"iteration":298,"passed_time":0.3918301549,"remaining_time":0.9186385905},
{"learn":[14.52949599],"iteration":299,"passed_time":0.3931872993,"remaining_time":0.9174370317},
{"learn":[14.52019424],"iteration":300,"passed_time":0.3946997898,"remaining_time":0.9165951928},
{"learn":[14.49923903],"iteration":301,"passed_time":0.3962703093,"remaining_time":0.9158830327},
{"learn":[14.48502853],"iteration":302,"passed_time":0.3977706163,"remaining_time":0.915003695},
{"learn":[14.46113625],"iteration":303,"passed_time":0.399050481,"remaining_time":0.913615575},
{"learn":[14.44108749],"iteration":304,"passed_time":0.4002647681,"remaining_time":0.9120787339},
{"learn":[14.39462991],"iteration":305,"passed_time":0.4015243752,"remaining_time":0.9106467855},
{"learn":[14.38740597],"iteration":306,"passed_time":0.4026966125,"remaining_time":0.9090187378},
{"learn":[14.37226164],"iteration":307,"passed_time":0.4042630338,"remaining_time":0.9082792837},
{"learn":[14.35299184],"iteration":308,"passed_time":0.4059468353,"remaining_time":0.9077969682},
{"learn":[14.32600896],"iteration":309,"passed_time":0.4073252617,"remaining_time":0.9066271953},
{"learn":[14.2951498],"iteration":310,"passed_time":0.4087232278,"remaining_time":0.9054993695},
{"learn":[14.2785213],"iteration":311,"passed_time":0.4101636895,"remaining_time":0.9044635205},
{"learn":[14.27308271],"iteration":312,"passed_time":0.4115825896,"remaining_time":0.9033777605},
{"learn":[14.26562314],"iteration":313,"passed_time":0.412983283,"remaining_time":0.9022501023},
{"learn":[14.24415902],"iteration":314,"passed_time":0.4143011738,"remaining_time":0.9009406477},
{"learn":[14.22045877],"iteration":315,"passed_time":0.4155288223,"remaining_time":0.8994358052},
{"learn":[14.1869658],"iteration":316,"passed_time":0.4167380672,"remaining_time":0.8978930596},
{"learn":[14.16145389],"iteration":317,"passed_time":0.4180637502,"remaining_time":0.896602131},
{"learn":[14.1226143],"iteration":318,"passed_time":0.4195515389,"remaining_time":0.895657047},
{"learn":[14.10011081],"iteration":319,"passed_time":0.4217803706,"remaining_time":0.8962832875},
{"learn":[14.07723733],"iteration":320,"passed_time":0.4234267413,"remaining_time":0.8956596802},
{"learn":[14.04638531],"iteration":321,"passed_time":0.4249360148,"remaining_time":0.8947410499},
{"learn":[14.02150493],"iteration":322,"passed_time":0.4264174173,"remaining_time":0.8937603453},
{"learn":[13.98324362],"iteration":323,"passed_time":0.428053555,"remaining_time":0.8930993926},
{"learn":[13.97906763],"iteration":324,"passed_time":0.4296039168,"remaining_time":0.8922542887},
{"learn":[13.96133412],"iteration":325,"passed_time":0.4308748926,"remaining_time":0.890827232},
{"learn":[13.93723031],"iteration":326,"passed_time":0.4321694975,"remaining_time":0.889449761},
{"learn":[13.92844572],"iteration":327,"passed_time":0.4334281958,"remaining_time":0.8879992304},
{"learn":[13.90321886],"iteration":328,"passed_time":0.4347161185,"remaining_time":0.8866094696},
{"learn":[13.88719897],"iteration":329,"passed_time":0.43655925,"remaining_time":0.8863475683},
{"learn":[13.85698528],"iteration":330,"passed_time":0.4383439132,"remaining_time":0.8859579395},
{"learn":[13.8311704],"iteration":331,"passed_time":0.4399435871,"remaining_time":0.8851876994},
{"learn":[13.81729436],"iteration":332,"passed_time":0.4413598797,"remaining_time":0.8840451645},
{"learn":[13.80255808],"iteration":333,"passed_time":0.4428046179,"remaining_time":0.8829577111},
{"learn":[13.77800438],"iteration":334,"passed_time":0.4443764962,"remaining_time":0.8821205074},
{"learn":[13.76122938],"iteration":335,"passed_time":0.4458014211,"remaining_time":0.8809885226},
{"learn":[13.75305689],"iteration":336,"passed_time":0.4472432674,"remaining_time":0.8798880898},
{"learn":[13.73501388],"iteration":337,"passed_time":0.4485500887,"remaining_time":0.8785211796},
{"learn":[13.71876864],"iteration":338,"passed_time":0.4499205271,"remaining_time":0.8772786679},
{"learn":[13.69980829],"iteration":339,"passed_time":0.4517283106,"remaining_time":0.8768843677},
{"learn":[13.67556173],"iteration":340,"passed_time":0.4535465785,"remaining_time":0.8765020388},
{"learn":[13.65574627],"iteration":341,"passed_time":0.4549560785,"remaining_time":0.8753248528},
{"learn":[13.63696776],"iteration":342,"passed_time":0.4564504546,"remaining_time":0.8743088883},
{"learn":[13.6074622],"iteration":343,"passed_time":0.4580048194,"remaining_time":0.8734045393},
{"learn":[13.58578952],"iteration":344,"passed_time":0.4595128608,"remaining_time":0.8724084749},
{"learn":[13.55854157],"iteration":345,"passed_time":0.4608846437,"remaining_time":0.8711518988},
{"learn":[13.5423261],"iteration":346,"passed_time":0.4622534628,"remaining_time":0.8698890813},
{"learn":[13.51980182],"iteration":347,"passed_time":0.4635231424,"remaining_time":0.8684399104},
{"learn":[13.50163069],"iteration":348,"passed_time":0.464899384,"remaining_time":0.8671905415},
{"learn":[13.498843],"iteration":349,"passed_time":0.4661318726,"remaining_time":0.8656734777},
{"learn":[13.47854917],"iteration":350,"passed_time":0.4677643783,"remaining_time":0.8648976681},
{"learn":[13.45211859],"iteration":351,"passed_time":0.4694568099,"remaining_time":0.8642273091},
{"learn":[13.43122777],"iteration":352,"passed_time":0.4709252669,"remaining_time":0.8631406451},
{"learn":[13.40899943],"iteration":353,"passed_time":0.4723785584,"remaining_time":0.8620241489},
{"learn":[13.39612273],"iteration":354,"passed_time":0.473799369,"remaining_time":0.8608467408},
{"learn":[13.38532866],"iteration":355,"passed_time":0.4751708417,"remaining_time":0.8595787137},
{"learn":[13.37999518],"iteration":356,"passed_time":0.4767112181,"remaining_time":0.8586143228},
{"learn":[13.36395583],"iteration":357,"passed_time":0.4782762059,"remaining_time":0.8576908496},
{"learn":[13.3321404],"iteration":358,"passed_time":0.4796455394,"remaining_time":0.8564144589},
{"learn":[13.31010131],"iteration":359,"passed_time":0.4809379918,"remaining_time":0.8550008742},
{"learn":[13.26740683],"iteration":360,"passed_time":0.4823266322,"remaining_time":0.8537582216},
{"learn":[13.2434752],"iteration":361,"passed_time":0.4841238149,"remaining_time":0.8532347899},
{"learn":[13.23430658],"iteration":362,"passed_time":0.4858748962,"remaining_time":0.8526234404},
{"learn":[13.20879019],"iteration":363,"passed_time":0.4876033134,"remaining_time":0.8519662289},
{"learn":[13.18100711],"iteration":364,"passed_time":0.4890845627,"remaining_time":0.8508731434},
{"learn":[13.16376504],"iteration":365,"passed_time":0.4905665257,"remaining_time":0.8497791729},
{"learn":[13.15567108],"iteration":366,"passed_time":0.4920486031,"remaining_time":0.8486832855},
{"learn":[13.15391895],"iteration":367,"passed_time":0.4937472444,"remaining_time":0.8479572241},
{"learn":[13.13310456],"iteration":368,"passed_time":0.495061517,"remaining_time":0.8465686103},
{"learn":[13.11170761],"iteration":369,"passed_time":0.4964167958,"remaining_time":0.8452502198},
{"learn":[13.09579591],"iteration":370,"passed_time":0.4977588163,"remaining_time":0.8439091521},
{"learn":[13.09208587],"iteration":371,"passed_time":0.4993393824,"remaining_time":0.8429707853},
{"learn":[13.04866935],"iteration":372,"passed_time":0.5012654946,"remaining_time":0.842609826},
{"learn":[13.02712232],"iteration":373,"passed_time":0.502817105,"remaining_time":0.841613657},
{"learn":[12.99330462],"iteration":374,"passed_time":0.5042877178,"remaining_time":0.8404795297},
{"learn":[12.96808738],"iteration":375,"passed_time":0.5059172656,"remaining_time":0.839607377},
{"learn":[12.94041933],"iteration":376,"passed_time":0.5075620088,"remaining_time":0.838756317},
{"learn":[12.91325374],"iteration":377,"passed_time":0.509222329,"remaining_time":0.8379266895},
{"learn":[12.88594823],"iteration":378,"passed_time":0.5105434927,"remaining_time":0.8365369629},
{"learn":[12.84087141],"iteration":379,"passed_time":0.5118522551,"remaining_time":0.8351273636},
{"learn":[12.81377345],"iteration":380,"passed_time":0.513154455,"remaining_time":0.8337076316},
{"learn":[12.79685732],"iteration":381,"passed_time":0.5144489625,"remaining_time":0.8322760702},
{"learn":[12.77043918],"iteration":382,"passed_time":0.5162950933,"remaining_time":0.831733871},
{"learn":[12.75546336],"iteration":383,"passed_time":0.5178430898,"remaining_time":0.8307066233},
{"learn":[12.75251388],"iteration":384,"passed_time":0.5193287584,"remaining_time":0.8295771076},
{"learn":[12.73361713],"iteration":385,"passed_time":0.5207566239,"remaining_time":0.8283538007},
{"learn":[12.71463379],"iteration":386,"passed_time":0.5221418291,"remaining_time":0.8270618636},
{"learn":[12.68973227],"iteration":387,"passed_time":0.5237055022,"remaining_time":0.8260509467},
{"learn":[12.65182951],"iteration":388,"passed_time":0.5253026674,"remaining_time":0.8250897937},
{"learn":[12.62855695],"iteration":389,"passed_time":0.5265900237,"remaining_time":0.8236408062},
{"learn":[12.59978959],"iteration":390,"passed_time":0.5278018497,"remaining_time":0.8220750038},
{"learn":[12.57864475],"iteration":391,"passed_time":0.529001585,"remaining_time":0.8204922543},
{"learn":[12.55093923],"iteration":392,"passed_time":0.5301588013,"remaining_time":0.8188457821},
{"learn":[12.53151836],"iteration":393,"passed_time":0.5317677407,"remaining_time":0.8178965758},
{"learn":[12.5045956],"iteration":394,"passed_time":0.5333945398,"remaining_time":0.8169713837},
{"learn":[12.4894984],"iteration":395,"passed_time":0.534754874,"remaining_time":0.815636222},
{"learn":[12.48309882],"iteration":396,"passed_time":0.5360845461,"remaining_time":0.8142543609},
{"learn":[12.47686755],"iteration":397,"passed_time":0.5373649617,"remaining_time":0.8127982587},
{"learn":[12.45805745],"iteration":398,"passed_time":0.5392158122,"remaining_time":0.8122022635},
{"learn":[12.43754756],"iteration":399,"passed_time":0.5406894603,"remaining_time":0.8110341905},
{"learn":[12.41513839],"iteration":400,"passed_time":0.5419737786,"remaining_time":0.809581779},
{"learn":[12.39385907],"iteration":401,"passed_time":0.5432269005,"remaining_time":0.8080837972},
{"learn":[12.38383037],"iteration":402,"passed_time":0.5445267917,"remaining_time":0.8066563142},
{"learn":[12.3779204],"iteration":403,"passed_time":0.5457164419,"remaining_time":0.8050668302},
{"learn":[12.36647192],"iteration":404,"passed_time":0.5470131309,"remaining_time":0.803636575},
{"learn":[12.33896134],"iteration":405,"passed_time":0.5484400659,"remaining_time":0.8023975349},
{"learn":[12.31397737],"iteration":406,"passed_time":0.5496371515,"remaining_time":0.8008226802},
{"learn":[12.28809203],"iteration":407,"passed_time":0.5507925887,"remaining_time":0.7991892464},
{"learn":[12.27261763],"iteration":408,"passed_time":0.5520492806,"remaining_time":0.7977044617},
{"learn":[12.25793635],"iteration":409,"passed_time":0.5532756101,"remaining_time":0.7961770975},
{"learn":[12.25082992],"iteration":410,"passed_time":0.5543991789,"remaining_time":0.7945039328},
{"learn":[12.23486014],"iteration":411,"passed_time":0.5555822474,"remaining_time":0.7929183531},
{"learn":[12.22039131],"iteration":412,"passed_time":0.5567426169,"remaining_time":0.7913024604},
{"learn":[12.21827132],"iteration":413,"passed_time":0.5578692541,"remaining_time":0.7896410214},
{"learn":[12.21289392],"iteration":414,"passed_time":0.5590494553,"remaining_time":0.7880576659},
{"learn":[12.18979769],"iteration":415,"passed_time":0.560193292,"remaining_time":0.7864251984},
{"learn":[12.18352933],"iteration":416,"passed_time":0.56135095,"remaining_time":0.7848143977},
{"learn":[12.16407376],"iteration":417,"passed_time":0.5625912787,"remaining_time":0.7833208713},
{"learn":[12.13299269],"iteration":418,"passed_time":0.5638919699,"remaining_time":0.7819122542},
{"learn":[12.09817275],"iteration":419,"passed_time":0.5651252993,"remaining_time":0.7804111276},
{"learn":[12.08422826],"iteration":420,"passed_time":0.566336908,"remaining_time":0.7788814009},
{"learn":[12.06927843],"iteration":421,"passed_time":0.5676637632,"remaining_time":0.7775110311},
{"learn":[12.0425847],"iteration":422,"passed_time":0.5688042171,"remaining_time":0.7758866035},
{"learn":[12.03892975],"iteration":423,"passed_time":0.5699890022,"remaining_time":0.7743246822},
{"learn":[12.00690279],"iteration":424,"passed_time":0.5711855468,"remaining_time":0.7727804457},
{"learn":[11.98560741],"iteration":425,"passed_time":0.5724342867,"remaining_time":0.7713081704},
{"learn":[11.97108166],"iteration":426,"passed_time":0.573563675,"remaining_time":0.7696767817},
{"learn":[11.96265811],"iteration":427,"passed_time":0.5747212918,"remaining_time":0.7680854647},
{"learn":[11.94915095],"iteration":428,"passed_time":0.5758742853,"remaining_time":0.7664900161},
{"learn":[11.9155095],"iteration":429,"passed_time":0.5770683678,"remaining_time":0.7649510922},
{"learn":[11.91189893],"iteration":430,"passed_time":0.5782234164,"remaining_time":0.7633622365},
{"learn":[11.88802892],"iteration":431,"passed_time":0.5795926728,"remaining_time":0.7620570327},
{"learn":[11.86969577],"iteration":432,"passed_time":0.5809038749,"remaining_time":0.7606755128},
{"learn":[11.85783403],"iteration":433,"passed_time":0.5825493374,"remaining_time":0.7597302418},
{"learn":[11.84359819],"iteration":434,"passed_time":0.5838362414,"remaining_time":0.7583160377},
{"learn":[11.82438945],"iteration":435,"passed_time":0.5850375869,"remaining_time":0.7567917408},
{"learn":[11.80544482],"iteration":436,"passed_time":0.5862450083,"remaining_time":0.7552767499},
{"learn":[11.78273456],"iteration":437,"passed_time":0.5873651305,"remaining_time":0.7536511492},
{"learn":[11.75613842],"iteration":438,"passed_time":0.5885432171,"remaining_time":0.7521019244},
{"learn":[11.73856309],"iteration":439,"passed_time":0.5897356212,"remaining_time":0.7505726088},
{"learn":[11.71981647],"iteration":440,"passed_time":0.5909556014,"remaining_time":0.7490797759},
{"learn":[11.70904625],"iteration":441,"passed_time":0.5921529008,"remaining_time":0.7475595444},
{"learn":[11.70273964],"iteration":442,"passed_time":0.5932823064,"remaining_time":0.7459554055},
{"learn":[11.68076194],"iteration":443,"passed_time":0.5944783809,"remaining_time":0.7444368914},
{"learn":[11.65602272],"iteration":444,"passed_time":0.5956959986,"remaining_time":0.7429466948},
{"learn":[11.64020929],"iteration":445,"passed_time":0.5968390245,"remaining_time":0.7413650663},
{"learn":[11.62035348],"iteration":446,"passed_time":0.5980145997,"remaining_time":0.7398256681},
{"learn":[11.60685109],"iteration":447,"passed_time":0.5991325196,"remaining_time":0.7382168545},
{"learn":[11.59222654],"iteration":448,"passed_time":0.600312192,"remaining_time":0.7366860085},
{"learn":[11.57944046],"iteration":449,"passed_time":0.6014389044,"remaining_time":0.7350919943},
{"learn":[11.57305548],"iteration":450,"passed_time":0.6026689216,"remaining_time":0.7336258048},
{"learn":[11.56304982],"iteration":451,"passed_time":0.6038853678,"remaining_time":0.732144207},
{"learn":[11.53869112],"iteration":452,"passed_time":0.6050846365,"remaining_time":0.7306430379},
{"learn":[11.51135248],"iteration":453,"passed_time":0.6062245313,"remaining_time":0.7290717932},
{"learn":[11.50539657],"iteration":454,"passed_time":0.607415607,"remaining_time":0.727563749},
{"learn":[11.47895035],"iteration":455,"passed_time":0.6085255202,"remaining_time":0.7259602697},
{"learn":[11.45924235],"iteration":456,"passed_time":0.6096698525,"remaining_time":0.7243998466},
{"learn":[11.43896177],"iteration":457,"passed_time":0.6111463594,"remaining_time":0.723234338},
{"learn":[11.42705896],"iteration":458,"passed_time":0.6125893277,"remaining_time":0.722027944},
{"learn":[11.42544112],"iteration":459,"passed_time":0.6137945236,"remaining_time":0.7205413972},
{"learn":[11.40303399],"iteration":460,"passed_time":0.6149647897,"remaining_time":0.7190152314},
{"learn":[11.39830352],"iteration":461,"passed_time":0.6161134947,"remaining_time":0.7174654982},
{"learn":[11.37746393],"iteration":462,"passed_time":0.6172067704,"remaining_time":0.7158532089},
{"learn":[11.36782284],"iteration":463,"passed_time":0.6183468606,"remaining_time":0.7142972356},
{"learn":[11.34006149],"iteration":464,"passed_time":0.619476067,"remaining_time":0.7127305287},
{"learn":[11.33725469],"iteration":465,"passed_time":0.6207435297,"remaining_time":0.7113241306},
{"learn":[11.31505927],"iteration":466,"passed_time":0.6218891844,"remaining_time":0.7097793047},
{"learn":[11.29770121],"iteration":467,"passed_time":0.6230660662,"remaining_time":0.7082716821},
{"learn":[11.28158568],"iteration":468,"passed_time":0.6242668293,"remaining_time":0.7067925082},
{"learn":[11.28031499],"iteration":469,"passed_time":0.6254227512,"remaining_time":0.7052639535},
{"learn":[11.2574835],"iteration":470,"passed_time":0.6267117981,"remaining_time":0.7038864993},
{"learn":[11.23823743],"iteration":471,"passed_time":0.6278879218,"remaining_time":0.702383099},
{"learn":[11.22331957],"iteration":472,"passed_time":0.6290544659,"remaining_time":0.7008704091},
{"learn":[11.21006312],"iteration":473,"passed_time":0.6302939338,"remaining_time":0.6994401038},
{"learn":[11.19397305],"iteration":474,"passed_time":0.6314553772,"remaining_time":0.6979243643},
{"learn":[11.17683496],"iteration":475,"passed_time":0.6325581222,"remaining_time":0.6963454959},
{"learn":[11.15848172],"iteration":476,"passed_time":0.633735628,"remaining_time":0.6948505943},
{"learn":[11.14401692],"iteration":477,"passed_time":0.6349397371,"remaining_time":0.6933860727},
{"learn":[11.12804142],"iteration":478,"passed_time":0.6361579877,"remaining_time":0.69193802},
{"learn":[11.11814131],"iteration":479,"passed_time":0.637342474,"remaining_time":0.6904543468},
{"learn":[11.1000051],"iteration":480,"passed_time":0.6384794023,"remaining_time":0.6889206025},
{"learn":[11.07730617],"iteration":481,"passed_time":0.6396681178,"remaining_time":0.6874441598},
{"learn":[11.06274092],"iteration":482,"passed_time":0.64104829,"remaining_time":0.6861738425},
{"learn":[11.06071445],"iteration":483,"passed_time":0.6422016808,"remaining_time":0.684661296},
{"learn":[11.05056079],"iteration":484,"passed_time":0.6436310796,"remaining_time":0.6834433113},
{"learn":[11.03741966],"iteration":485,"passed_time":0.6448929977,"remaining_time":0.6820473268},
{"learn":[11.03544958],"iteration":486,"passed_time":0.6460623064,"remaining_time":0.6805543392},
{"learn":[11.02380582],"iteration":487,"passed_time":0.6472173385,"remaining_time":0.6790476994},
{"learn":[11.01256283],"iteration":488,"passed_time":0.6484192915,"remaining_time":0.6775915295},
{"learn":[10.99439959],"iteration":489,"passed_time":0.6495602201,"remaining_time":0.6760728822},
{"learn":[10.9924492],"iteration":490,"passed_time":0.6506599731,"remaining_time":0.6745130883},
{"learn":[10.99004293],"iteration":491,"passed_time":0.6517750812,"remaining_time":0.6729710188},
{"learn":[10.97546195],"iteration":492,"passed_time":0.6529168856,"remaining_time":0.6714581359},
{"learn":[10.95056885],"iteration":493,"passed_time":0.6540647091,"remaining_time":0.6699529207},
{"learn":[10.93837317],"iteration":494,"passed_time":0.6554766076,"remaining_time":0.6687185593},
{"learn":[10.92397187],"iteration":495,"passed_time":0.6566816005,"remaining_time":0.6672732392},
{"learn":[10.92160851],"iteration":496,"passed_time":0.6578559601,"remaining_time":0.6657978832},
{"learn":[10.89907422],"iteration":497,"passed_time":0.6592448141,"remaining_time":0.6645399532},
{"learn":[10.89802643],"iteration":498,"passed_time":0.6603589902,"remaining_time":0.6630057196},
{"learn":[10.8795807],"iteration":499,"passed_time":0.6614598062,"remaining_time":0.6614598062},
{"learn":[10.86535717],"iteration":500,"passed_time":0.6626544137,"remaining_time":0.6600090867},
{"learn":[10.86182782],"iteration":501,"passed_time":0.6637993422,"remaining_time":0.6585101044},
{"learn":[10.8476239],"iteration":502,"passed_time":0.6649313987,"remaining_time":0.6569998115},
{"learn":[10.82508855],"iteration":503,"passed_time":0.6661084251,"remaining_time":0.6555352754},
{"learn":[10.81469141],"iteration":504,"passed_time":0.6672635267,"remaining_time":0.6540503875},
{"learn":[10.81313284],"iteration":505,"passed_time":0.6684655238,"remaining_time":0.6526125865},
{"learn":[10.79766869],"iteration":506,"passed_time":0.6696713984,"remaining_time":0.651179486},
{"learn":[10.78168736],"iteration":507,"passed_time":0.6708594487,"remaining_time":0.6497300173},
{"learn":[10.77178685],"iteration":508,"passed_time":0.6720326712,"remaining_time":0.6482672722},
{"learn":[10.75357686],"iteration":509,"passed_time":0.673154383,"remaining_time":0.6467561719},
{"learn":[10.72820357],"iteration":510,"passed_time":0.6744104124,"remaining_time":0.6453751304},
{"learn":[10.71198793],"iteration":511,"passed_time":0.6755687636,"remaining_time":0.6439014778},
{"learn":[10.68466166],"iteration":512,"passed_time":0.6767630253,"remaining_time":0.6424631449},
{"learn":[10.67763335],"iteration":513,"passed_time":0.6779430306,"remaining_time":0.6410122818},
{"learn":[10.66879598],"iteration":514,"passed_time":0.6791401527,"remaining_time":0.6395785904},
{"learn":[10.65414882],"iteration":515,"passed_time":0.6803186074,"remaining_time":0.6381283061},
{"learn":[10.63527924],"iteration":516,"passed_time":0.6815094202,"remaining_time":0.6366906189},
{"learn":[10.62750479],"iteration":517,"passed_time":0.6826710693,"remaining_time":0.6352267479},
{"learn":[10.62667794],"iteration":518,"passed_time":0.6832198828,"remaining_time":0.6331960763},
{"learn":[10.61066924],"iteration":519,"passed_time":0.6844197866,"remaining_time":0.6317721107},
{"learn":[10.59958968],"iteration":520,"passed_time":0.6857190327,"remaining_time":0.6304403391},
{"learn":[10.57231059],"iteration":521,"passed_time":0.6869567207,"remaining_time":0.6290523228},
{"learn":[10.54937008],"iteration":522,"passed_time":0.6881967412,"remaining_time":0.6276670087},
{"learn":[10.5298439],"iteration":523,"passed_time":0.6893644056,"remaining_time":0.6262165212},
{"learn":[10.52245976],"iteration":524,"passed_time":0.6906030998,"remaining_time":0.624831376},
{"learn":[10.50935386],"iteration":525,"passed_time":0.6920156229,"remaining_time":0.6236034321},
{"learn":[10.49171023],"iteration":526,"passed_time":0.6932165495,"remaining_time":0.6221848727},
{"learn":[10.49028425],"iteration":527,"passed_time":0.6943462194,"remaining_time":0.6207034386},
{"learn":[10.48211295],"iteration":528,"passed_time":0.6955430834,"remaining_time":0.6192831612},
{"learn":[10.46876729],"iteration":529,"passed_time":0.6966827482,"remaining_time":0.6178130031},
{"learn":[10.46055384],"iteration":530,"passed_time":0.6979044531,"remaining_time":0.6164165508},
{"learn":[10.43962555],"iteration":531,"passed_time":0.6991256849,"remaining_time":0.6150203393},
{"learn":[10.43093778],"iteration":532,"passed_time":0.7002662844,"remaining_time":0.6135541366},
{"learn":[10.41514609],"iteration":533,"passed_time":0.7014229183,"remaining_time":0.612103146},
{"learn":[10.39889817],"iteration":534,"passed_time":0.7025680492,"remaining_time":0.6106432577},
{"learn":[10.37311012],"iteration":535,"passed_time":0.7036917906,"remaining_time":0.6091660277},
{"learn":[10.35965779],"iteration":536,"passed_time":0.7048414939,"remaining_time":0.6077124985},
{"learn":[10.3480432],"iteration":537,"passed_time":0.7060373636,"remaining_time":0.6062997435},
{"learn":[10.3467524],"iteration":538,"passed_time":0.707256425,"remaining_time":0.6049076288},
{"learn":[10.33725255],"iteration":539,"passed_time":0.7084577477,"remaining_time":0.6035010444},
{"learn":[10.3199156],"iteration":540,"passed_time":0.70961499,"remaining_time":0.6020578196},
{"learn":[10.30810184],"iteration":541,"passed_time":0.7108077805,"remaining_time":0.6006456891},
{"learn":[10.30384602],"iteration":542,"passed_time":0.7119236485,"remaining_time":0.5991696269},
{"learn":[10.28607817],"iteration":543,"passed_time":0.7132065182,"remaining_time":0.5978348755},
{"learn":[10.261172],"iteration":544,"passed_time":0.7144370307,"remaining_time":0.5964566036},
{"learn":[10.25133835],"iteration":545,"passed_time":0.715598663,"remaining_time":0.5950215989},
{"learn":[10.25007258],"iteration":546,"passed_time":0.7167695418,"remaining_time":0.5935952513},
{"learn":[10.23190591],"iteration":547,"passed_time":0.7179498719,"remaining_time":0.5921776316},
{"learn":[10.20890041],"iteration":548,"passed_time":0.7190703399,"remaining_time":0.5907117},
{"learn":[10.19315137],"iteration":549,"passed_time":0.7202236922,"remaining_time":0.58927393},
{"learn":[10.19148146],"iteration":550,"passed_time":0.7213203031,"remaining_time":0.5877909548},
{"learn":[10.17690765],"iteration":551,"passed_time":0.722680561,"remaining_time":0.5865233539},
{"learn":[10.15862285],"iteration":552,"passed_time":0.7240504074,"remaining_time":0.5852631683},
{"learn":[10.13540173],"iteration":553,"passed_time":0.725345652,"remaining_time":0.5839425285},
{"learn":[10.13078077],"iteration":554,"passed_time":0.7266440478,"remaining_time":0.5826245068},
{"learn":[10.12964082],"iteration":555,"passed_time":0.7280029209,"remaining_time":0.5813548505},
{"learn":[10.11496928],"iteration":556,"passed_time":0.7291887879,"remaining_time":0.5799472766},
{"learn":[10.11067566],"iteration":557,"passed_time":0.7303100261,"remaining_time":0.5784893039},
{"learn":[10.10132792],"iteration":558,"passed_time":0.7314822527,"remaining_time":0.5770727611},
{"learn":[10.09922416],"iteration":559,"passed_time":0.7325513611,"remaining_time":0.5755760694},
{"learn":[10.07874746],"iteration":560,"passed_time":0.7336620792,"remaining_time":0.574113463},
{"learn":[10.0775696],"iteration":561,"passed_time":0.7347743122,"remaining_time":0.5726532895},
{"learn":[10.07661686],"iteration":562,"passed_time":0.7359549399,"remaining_time":0.57124744},
{"learn":[10.05996841],"iteration":563,"passed_time":0.7370900632,"remaining_time":0.569807212},
{"learn":[10.04363453],"iteration":564,"passed_time":0.7382646279,"remaining_time":0.5683984303},
{"learn":[10.03448203],"iteration":565,"passed_time":0.7394532715,"remaining_time":0.5670012718},
{"learn":[10.0149763],"iteration":566,"passed_time":0.7406547427,"remaining_time":0.5656146448},
{"learn":[10.00147659],"iteration":567,"passed_time":0.7419872999,"remaining_time":0.5643283689},
{"learn":[9.998866989],"iteration":568,"passed_time":0.743197434,"remaining_time":0.5629491987},
{"learn":[9.987898311],"iteration":569,"passed_time":0.7443198678,"remaining_time":0.5615044617},
{"learn":[9.967800547],"iteration":570,"passed_time":0.7455789304,"remaining_time":0.5601635046},
{"learn":[9.95208332],"iteration":571,"passed_time":0.7467683863,"remaining_time":0.5587707506},
{"learn":[9.92246246],"iteration":572,"passed_time":0.7479116491,"remaining_time":0.557344283},
{"learn":[9.920672683],"iteration":573,"passed_time":0.7491515654,"remaining_time":0.5559905346},
{"learn":[9.893760124],"iteration":574,"passed_time":0.7503622606,"remaining_time":0.5546155839},
{"learn":[9.876489116],"iteration":575,"passed_time":0.7514583526,"remaining_time":0.5531568429},
{"learn":[9.864484055],"iteration":576,"passed_time":0.7526428397,"remaining_time":0.5517641615},
{"learn":[9.849310831],"iteration":577,"passed_time":0.7537886436,"remaining_time":0.5503439578},
{"learn":[9.848365162],"iteration":578,"passed_time":0.7549899923,"remaining_time":0.5489650894},
{"learn":[9.847459252],"iteration":579,"passed_time":0.7562164011,"remaining_time":0.5476049801},
{"learn":[9.839004333],"iteration":580,"passed_time":0.7574856165,"remaining_time":0.5462762019},
{"learn":[9.825865526],"iteration":581,"passed_time":0.758591773,"remaining_time":0.5448305174},
{"learn":[9.809147706],"iteration":582,"passed_time":0.7598047887,"remaining_time":0.5434624303},
{"learn":[9.797778409],"iteration":583,"passed_time":0.7608714117,"remaining_time":0.5419905946},
{"learn":[9.788811209],"iteration":584,"passed_time":0.7620437655,"remaining_time":0.5405951499},
{"learn":[9.776377729],"iteration":585,"passed_time":0.7632265116,"remaining_time":0.5392078086},
{"learn":[9.775267911],"iteration":586,"passed_time":0.7644319234,"remaining_time":0.5378371114},
{"learn":[9.762154615],"iteration":587,"passed_time":0.7655960882,"remaining_time":0.5364380754},
{"learn":[9.744321098],"iteration":588,"passed_time":0.7667833386,"remaining_time":0.5350559459},
{"learn":[9.73053451],"iteration":589,"passed_time":0.7679411746,"remaining_time":0.5336540366},
{"learn":[9.729671945],"iteration":590,"passed_time":0.7690403447,"remaining_time":0.5322123536},
{"learn":[9.71013719],"iteration":591,"passed_time":0.7703032151,"remaining_time":0.5308846483},
{"learn":[9.709360149],"iteration":592,"passed_time":0.7717021257,"remaining_time":0.5296505314},
{"learn":[9.694959533],"iteration":593,"passed_time":0.7730247467,"remaining_time":0.5283637157},
{"learn":[9.694139109],"iteration":594,"passed_time":0.7742065132,"remaining_time":0.5269809039},
{"learn":[9.672027387],"iteration":595,"passed_time":0.7753431747,"remaining_time":0.5255681922},
{"learn":[9.661145822],"iteration":596,"passed_time":0.7765700348,"remaining_time":0.5242172932},
{"learn":[9.643719542],"iteration":597,"passed_time":0.7777390881,"remaining_time":0.5228279489},
{"learn":[9.626250243],"iteration":598,"passed_time":0.7789219961,"remaining_time":0.5214486151},
{"learn":[9.61365143],"iteration":599,"passed_time":0.7800578841,"remaining_time":0.5200385894},
{"learn":[9.597999713],"iteration":600,"passed_time":0.7811528082,"remaining_time":0.5186022803},
{"learn":[9.591957062],"iteration":601,"passed_time":0.7823217245,"remaining_time":0.5172160238},
{"learn":[9.580449052],"iteration":602,"passed_time":0.7834785165,"remaining_time":0.5158225059},
{"learn":[9.573807506],"iteration":603,"passed_time":0.7847526028,"remaining_time":0.5145066734},
{"learn":[9.562965822],"iteration":604,"passed_time":0.7859841843,"remaining_time":0.5131632277},
{"learn":[9.543381531],"iteration":605,"passed_time":0.7872768512,"remaining_time":0.511859867},
{"learn":[9.533568688],"iteration":606,"passed_time":0.7884731214,"remaining_time":0.5104941297},
{"learn":[9.527720055],"iteration":607,"passed_time":0.7896383037,"remaining_time":0.5091089063},
{"learn":[9.513354938],"iteration":608,"passed_time":0.7908156924,"remaining_time":0.5077322426},
{"learn":[9.497821227],"iteration":609,"passed_time":0.7919670351,"remaining_time":0.5063395798},
{"learn":[9.495958674],"iteration":610,"passed_time":0.793064064,"remaining_time":0.5049131275},
{"learn":[9.482783361],"iteration":611,"passed_time":0.7943247173,"remaining_time":0.5035914874},
{"learn":[9.468967214],"iteration":612,"passed_time":0.7954978632,"remaining_time":0.502214801},
{"learn":[9.463800535],"iteration":613,"passed_time":0.7966477339,"remaining_time":0.5008241454},
{"learn":[9.450706959],"iteration":614,"passed_time":0.7978127712,"remaining_time":0.4994437673},
{"learn":[9.439857775],"iteration":615,"passed_time":0.7990371257,"remaining_time":0.4981010654},
{"learn":[9.414651482],"iteration":616,"passed_time":0.8003969479,"remaining_time":0.496842838},
{"learn":[9.40227591],"iteration":617,"passed_time":0.8016088233,"remaining_time":0.4954928325},
{"learn":[9.401673502],"iteration":618,"passed_time":0.8025122217,"remaining_time":0.493953403},
{"learn":[9.380374875],"iteration":619,"passed_time":0.8039517344,"remaining_time":0.4927446114},
{"learn":[9.369342742],"iteration":620,"passed_time":0.8051254575,"remaining_time":0.4913728638},
{"learn":[9.354957535],"iteration":621,"passed_time":0.8062611355,"remaining_time":0.4899786322},
{"learn":[9.340677433],"iteration":622,"passed_time":0.8074608183,"remaining_time":0.4886239623},
{"learn":[9.319740225],"iteration":623,"passed_time":0.8086130367,"remaining_time":0.4872411888},
{"learn":[9.30144692],"iteration":624,"passed_time":0.8097690292,"remaining_time":0.4858614175},
{"learn":[9.283987567],"iteration":625,"passed_time":0.8110082468,"remaining_time":0.4845320836},
{"learn":[9.283360418],"iteration":626,"passed_time":0.8122157413,"remaining_time":0.4831841651},
{"learn":[9.282619267],"iteration":627,"passed_time":0.8135708117,"remaining_time":0.4819241114},
{"learn":[9.266952002],"iteration":628,"passed_time":0.8147434832,"remaining_time":0.4805561721},
{"learn":[9.254547118],"iteration":629,"passed_time":0.8158903785,"remaining_time":0.4791737144},
{"learn":[9.248007242],"iteration":630,"passed_time":0.8170161437,"remaining_time":0.4777796466},
{"learn":[9.247277346],"iteration":631,"passed_time":0.8181152813,"remaining_time":0.4763709233},
{"learn":[9.233021348],"iteration":632,"passed_time":0.8193291776,"remaining_time":0.4750297128},
{"learn":[9.217640791],"iteration":633,"passed_time":0.8204949445,"remaining_time":0.4736611194},
{"learn":[9.202824738],"iteration":634,"passed_time":0.8216804358,"remaining_time":0.4723045025},
{"learn":[9.192990859],"iteration":635,"passed_time":0.8228905486,"remaining_time":0.4709625152},
{"learn":[9.1746662],"iteration":636,"passed_time":0.8240839342,"remaining_time":0.4696114099},
{"learn":[9.16627129],"iteration":637,"passed_time":0.8252767069,"remaining_time":0.4682604513},
{"learn":[9.152132049],"iteration":638,"passed_time":0.8264485914,"remaining_time":0.466898187},
{"learn":[9.151403256],"iteration":639,"passed_time":0.8276207752,"remaining_time":0.4655366861},
{"learn":[9.142650174],"iteration":640,"passed_time":0.828951795,"remaining_time":0.4642647338},
{"learn":[9.12748744],"iteration":641,"passed_time":0.8301232752,"remaining_time":0.4629036332},
{"learn":[9.105853105],"iteration":642,"passed_time":0.8313014938,"remaining_time":0.4615468636},
{"learn":[9.104900636],"iteration":643,"passed_time":0.8325459804,"remaining_time":0.4602272811},
{"learn":[9.104213567],"iteration":644,"passed_time":0.8337155286,"remaining_time":0.4588666863},
{"learn":[9.088719243],"iteration":645,"passed_time":0.8351968159,"remaining_time":0.4576775121},
{"learn":[9.077069363],"iteration":646,"passed_time":0.8365142433,"remaining_time":0.4563980338},
{"learn":[9.059592666],"iteration":647,"passed_time":0.8376436457,"remaining_time":0.4550163013},
{"learn":[9.051231053],"iteration":648,"passed_time":0.838727878,"remaining_time":0.4536109171},
{"learn":[9.038708818],"iteration":649,"passed_time":0.8399371835,"remaining_time":0.452273868},
{"learn":[9.025222718],"iteration":650,"passed_time":0.8411211786,"remaining_time":0.4509236426},
{"learn":[9.014925546],"iteration":651,"passed_time":0.8423092831,"remaining_time":0.4495761204},
{"learn":[9.000719323],"iteration":652,"passed_time":0.8436056765,"remaining_time":0.4482866305},
{"learn":[8.983026844],"iteration":653,"passed_time":0.84479222,"remaining_time":0.4469390033},
{"learn":[8.974243151],"iteration":654,"passed_time":0.8459862538,"remaining_time":0.4455958131},
{"learn":[8.949684461],"iteration":655,"passed_time":0.8472691976,"remaining_time":0.4442997012},
{"learn":[8.94025891],"iteration":656,"passed_time":0.8486323342,"remaining_time":0.4430454956},
{"learn":[8.939599932],"iteration":657,"passed_time":0.8499188848,"remaining_time":0.4417511529},
{"learn":[8.932682151],"iteration":658,"passed_time":0.8513759,"remaining_time":0.4405450408},
{"learn":[8.915194899],"iteration":659,"passed_time":0.8526936663,"remaining_time":0.4392664342},
{"learn":[8.91027265],"iteration":660,"passed_time":0.8539849296,"remaining_time":0.4379741167},
{"learn":[8.89188422],"iteration":661,"passed_time":0.8553896655,"remaining_time":0.4367397386},
{"learn":[8.871664381],"iteration":662,"passed_time":0.8566928496,"remaining_time":0.4354532283},
{"learn":[8.861168344],"iteration":663,"passed_time":0.8579224815,"remaining_time":0.4341294485},
{"learn":[8.847784085],"iteration":664,"passed_time":0.859078008,"remaining_time":0.4327686206},
{"learn":[8.847011892],"iteration":665,"passed_time":0.8602538783,"remaining_time":0.4314186116},
{"learn":[8.837486099],"iteration":666,"passed_time":0.8615671463,"remaining_time":0.4301377207},
{"learn":[8.824079258],"iteration":667,"passed_time":0.8627599463,"remaining_time":0.4287968596},
{"learn":[8.802722792],"iteration":668,"passed_time":0.8640465817,"remaining_time":0.4275028678},
{"learn":[8.783061863],"iteration":669,"passed_time":0.8653320875,"remaining_time":0.4262083416},
{"learn":[8.769591734],"iteration":670,"passed_time":0.8666887732,"remaining_time":0.4249487427},
{"learn":[8.754243628],"iteration":671,"passed_time":0.8677879623,"remaining_time":0.4235631721},
{"learn":[8.753151709],"iteration":672,"passed_time":0.8689977181,"remaining_time":0.4222321751},
{"learn":[8.743857408],"iteration":673,"passed_time":0.8702864445,"remaining_time":0.4209397343},
{"learn":[8.729956164],"iteration":674,"passed_time":0.8714443847,"remaining_time":0.4195843334},
{"learn":[8.723120288],"iteration":675,"passed_time":0.8728566629,"remaining_time":0.4183514183},
{"learn":[8.709958904],"iteration":676,"passed_time":0.874025101,"remaining_time":0.4170016361},
{"learn":[8.69635569],"iteration":677,"passed_time":0.8752515574,"remaining_time":0.4156799432},
{"learn":[8.680356907],"iteration":678,"passed_time":0.8764369178,"remaining_time":0.4143391025},
{"learn":[8.665718445],"iteration":679,"passed_time":0.8775838321,"remaining_time":0.4129806269},
{"learn":[8.651289036],"iteration":680,"passed_time":0.8787072937,"remaining_time":0.4116117866},
{"learn":[8.636683087],"iteration":681,"passed_time":0.879963748,"remaining_time":0.4103056772},
{"learn":[8.636066166],"iteration":682,"passed_time":0.8811682002,"remaining_time":0.4089755775},
{"learn":[8.625462677],"iteration":683,"passed_time":0.8825093733,"remaining_time":0.4077090087},
{"learn":[8.613072225],"iteration":684,"passed_time":0.8839602855,"remaining_time":0.406492686},
{"learn":[8.598363043],"iteration":685,"passed_time":0.885162256,"remaining_time":0.4051617324},
{"learn":[8.588401371],"iteration":686,"passed_time":0.8863164067,"remaining_time":0.4038093672},
{"learn":[8.572799997],"iteration":687,"passed_time":0.8874921706,"remaining_time":0.4024673797},
{"learn":[8.550232251],"iteration":688,"passed_time":0.8886326132,"remaining_time":0.4011099313},
{"learn":[8.537434479],"iteration":689,"passed_time":0.8899293251,"remaining_time":0.39982332},
{"learn":[8.531998449],"iteration":690,"passed_time":0.8911774545,"remaining_time":0.3985149543},
{"learn":[8.524149073],"iteration":691,"passed_time":0.8925328881,"remaining_time":0.3972545225},
{"learn":[8.517238897],"iteration":692,"passed_time":0.8936849415,"remaining_time":0.3959037187},
{"learn":[8.507659062],"iteration":693,"passed_time":0.8949681467,"remaining_time":0.3946113154},
{"learn":[8.497198812],"iteration":694,"passed_time":0.8962461646,"remaining_time":0.3933166622},
{"learn":[8.486972707],"iteration":695,"passed_time":0.8975182917,"remaining_time":0.3920194837},
{"learn":[8.474475168],"iteration":696,"passed_time":0.8989953583,"remaining_time":0.3908114685},
{"learn":[8.457420843],"iteration":697,"passed_time":0.9001250183,"remaining_time":0.3894523718},
{"learn":[8.446028811],"iteration":698,"passed_time":0.9013996529,"remaining_time":0.3881563598},
{"learn":[8.427812278],"iteration":699,"passed_time":0.9026687095,"remaining_time":0.3868580184},
{"learn":[8.426234629],"iteration":700,"passed_time":0.9038658776,"remaining_time":0.3855290976},
{"learn":[8.413509762],"iteration":701,"passed_time":0.9051450162,"remaining_time":0.3842353488},
{"learn":[8.412936234],"iteration":702,"passed_time":0.9063597856,"remaining_time":0.3829144471},
{"learn":[8.394315822],"iteration":703,"passed_time":0.9076967371,"remaining_time":0.381645219},
{"learn":[8.375195939],"iteration":704,"passed_time":0.9090659512,"remaining_time":0.3803892987},
{"learn":[8.363767684],"iteration":705,"passed_time":0.9103520648,"remaining_time":0.3790984519},
{"learn":[8.350745014],"iteration":706,"passed_time":0.9117084215,"remaining_time":0.3778367291},
{"learn":[8.336429432],"iteration":707,"passed_time":0.9129962092,"remaining_time":0.3765464591},
{"learn":[8.331020589],"iteration":708,"passed_time":0.914290856,"remaining_time":0.3752590114},
{"learn":[8.318709545],"iteration":709,"passed_time":0.9160919982,"remaining_time":0.3741784218},
{"learn":[8.306650132],"iteration":710,"passed_time":0.917267558,"remaining_time":0.372841525},
{"learn":[8.293859653],"iteration":711,"passed_time":0.9184874946,"remaining_time":0.3715230315},
{"learn":[8.286229745],"iteration":712,"passed_time":0.9196185623,"remaining_time":0.3701690426},
{"learn":[8.285095576],"iteration":713,"passed_time":0.9207850988,"remaining_time":0.3688298855},
{"learn":[8.268899415],"iteration":714,"passed_time":0.9219105351,"remaining_time":0.3674748287},
{"learn":[8.257561667],"iteration":715,"passed_time":0.9230227216,"remaining_time":0.3661151577},
{"learn":[8.252471514],"iteration":716,"passed_time":0.9241637904,"remaining_time":0.364767577},
{"learn":[8.247975633],"iteration":717,"passed_time":0.9253118445,"remaining_time":0.363423315},
{"learn":[8.236181487],"iteration":718,"passed_time":0.9264927221,"remaining_time":0.3620924268},
{"learn":[8.224329892],"iteration":719,"passed_time":0.9277015188,"remaining_time":0.3607728129},
{"learn":[8.21045592],"iteration":720,"passed_time":0.9288674334,"remaining_time":0.3594369125},
{"learn":[8.202518631],"iteration":721,"passed_time":0.9302927555,"remaining_time":0.3582013657},
{"learn":[8.201997636],"iteration":722,"passed_time":0.9315303442,"remaining_time":0.3568933684},
{"learn":[8.19329063],"iteration":723,"passed_time":0.9327434915,"remaining_time":0.3555762481},
{"learn":[8.1792427],"iteration":724,"passed_time":0.9339398848,"remaining_time":0.3542530598},
{"learn":[8.163692196],"iteration":725,"passed_time":0.935073472,"remaining_time":0.352906517},
{"learn":[8.151342211],"iteration":726,"passed_time":0.936240979,"remaining_time":0.3515732975},
{"learn":[8.135932058],"iteration":727,"passed_time":0.9374747151,"remaining_time":0.3502652782},
{"learn":[8.126816206],"iteration":728,"passed_time":0.9386729885,"remaining_time":0.3489442797},
{"learn":[8.107202693],"iteration":729,"passed_time":0.9399011027,"remaining_time":0.3476346544},
{"learn":[8.106723953],"iteration":730,"passed_time":0.9410710571,"remaining_time":0.34630385},
{"learn":[8.099799839],"iteration":731,"passed_time":0.9423138932,"remaining_time":0.3450001685},
{"learn":[8.09703257],"iteration":732,"passed_time":0.9435342098,"remaining_time":0.3436884502},
{"learn":[8.085695785],"iteration":733,"passed_time":0.9449394004,"remaining_time":0.3424439789},
{"learn":[8.077290704],"iteration":734,"passed_time":0.9462281717,"remaining_time":0.3411570959},
{"learn":[8.063255089],"iteration":735,"passed_time":0.9474010686,"remaining_time":0.3398286442},
{"learn":[8.052563512],"iteration":736,"passed_time":0.9484920135,"remaining_time":0.3384713698},
{"learn":[8.043832186],"iteration":737,"passed_time":0.9496901182,"remaining_time":0.3371528604},
{"learn":[8.032443153],"iteration":738,"passed_time":0.951006985,"remaining_time":0.3358766212},
{"learn":[8.014649828],"iteration":739,"passed_time":0.9524003067,"remaining_time":0.3346271348},
{"learn":[7.999420091],"iteration":740,"passed_time":0.9536066418,"remaining_time":0.3333119031},
{"learn":[7.996070079],"iteration":741,"passed_time":0.954893691,"remaining_time":0.33202503},
{"learn":[7.983804365],"iteration":742,"passed_time":0.956310528,"remaining_time":0.3307830494},
{"learn":[7.972660935],"iteration":743,"passed_time":0.9576328703,"remaining_time":0.3295080844},
{"learn":[7.961431976],"iteration":744,"passed_time":0.9589578357,"remaining_time":0.3282338901},
{"learn":[7.948453333],"iteration":745,"passed_time":0.9606921522,"remaining_time":0.3270989365},
{"learn":[7.936965085],"iteration":746,"passed_time":0.9619998289,"remaining_time":0.3258178805},
{"learn":[7.928410236],"iteration":747,"passed_time":0.963498388,"remaining_time":0.3246010612},
{"learn":[7.909945596],"iteration":748,"passed_time":0.9647568871,"remaining_time":0.3233030423},
{"learn":[7.908711017],"iteration":749,"passed_time":0.9660826925,"remaining_time":0.3220275642},
{"learn":[7.907599196],"iteration":750,"passed_time":0.9672872865,"remaining_time":0.3207117634},
{"learn":[7.904494902],"iteration":751,"passed_time":0.9684131252,"remaining_time":0.319370286},
{"learn":[7.902083902],"iteration":752,"passed_time":0.9695285559,"remaining_time":0.3180259672},
{"learn":[7.894888427],"iteration":753,"passed_time":0.9706339887,"remaining_time":0.3166789937},
{"learn":[7.875252368],"iteration":754,"passed_time":0.9717932211,"remaining_time":0.3153501181},
{"learn":[7.865149344],"iteration":755,"passed_time":0.9729267163,"remaining_time":0.3140133846},
{"learn":[7.853088805],"iteration":756,"passed_time":0.9741051393,"remaining_time":0.3126916101},
{"learn":[7.846726517],"iteration":757,"passed_time":0.9752853465,"remaining_time":0.3113707835},
{"learn":[7.840608187],"iteration":758,"passed_time":0.9764926789,"remaining_time":0.3100589402},
{"learn":[7.82974238],"iteration":759,"passed_time":0.977595805,"remaining_time":0.3087144647},
{"learn":[7.810960599],"iteration":760,"passed_time":0.9787866281,"remaining_time":0.3073981657},
{"learn":[7.800082624],"iteration":761,"passed_time":0.9799584228,"remaining_time":0.3060762528},
{"learn":[7.791768782],"iteration":762,"passed_time":0.9812672927,"remaining_time":0.3047973111},
{"learn":[7.786808022],"iteration":763,"passed_time":0.9825663785,"remaining_time":0.3035152688},
{"learn":[7.780108923],"iteration":764,"passed_time":0.9838183713,"remaining_time":0.3022187154},
{"learn":[7.779632454],"iteration":765,"passed_time":0.985133649,"remaining_time":0.3009416108},
{"learn":[7.765065702],"iteration":766,"passed_time":0.9864437702,"remaining_time":0.2996628402},
{"learn":[7.752988625],"iteration":767,"passed_time":0.9875988099,"remaining_time":0.2983371405},
{"learn":[7.738832824],"iteration":768,"passed_time":0.9889299276,"remaining_time":0.2970647767},
{"learn":[7.728129797],"iteration":769,"passed_time":0.9903386474,"remaining_time":0.2958154401},
{"learn":[7.712082559],"iteration":770,"passed_time":0.9916979936,"remaining_time":0.2945510253},
{"learn":[7.711297714],"iteration":771,"passed_time":0.9930320627,"remaining_time":0.2932788993},
{"learn":[7.700938359],"iteration":772,"passed_time":0.9947848142,"remaining_time":0.2921295638},
{"learn":[7.69991077],"iteration":773,"passed_time":0.9963149394,"remaining_time":0.2909136645},
{"learn":[7.693425025],"iteration":774,"passed_time":0.9976673886,"remaining_time":0.2896453709},
{"learn":[7.682872944],"iteration":775,"passed_time":0.9988547223,"remaining_time":0.2883291982},
{"learn":[7.669897413],"iteration":776,"passed_time":1.000032774,"remaining_time":0.2870106931},
{"learn":[7.669461411],"iteration":777,"passed_time":1.001171823,"remaining_time":0.2856814198},
{"learn":[7.656023866],"iteration":778,"passed_time":1.002317674,"remaining_time":0.2843545649},
{"learn":[7.639141305],"iteration":779,"passed_time":1.003709949,"remaining_time":0.283097678},
{"learn":[7.631078063],"iteration":780,"passed_time":1.005128652,"remaining_time":0.281847855},
{"learn":[7.623471161],"iteration":781,"passed_time":1.006427987,"remaining_time":0.2805643238},
{"learn":[7.611272397],"iteration":782,"passed_time":1.007759427,"remaining_time":0.2792896495},
{"learn":[7.610713698],"iteration":783,"passed_time":1.009007598,"remaining_time":0.2779918892},
{"learn":[7.59596931],"iteration":784,"passed_time":1.010375244,"remaining_time":0.2767269776},
{"learn":[7.590870221],"iteration":785,"passed_time":1.011621548,"remaining_time":0.2754287674},
{"learn":[7.577292472],"iteration":786,"passed_time":1.012913621,"remaining_time":0.2741430766},
{"learn":[7.573583779],"iteration":787,"passed_time":1.014238955,"remaining_time":0.2728663179},
{"learn":[7.568794483],"iteration":788,"passed_time":1.015496543,"remaining_time":0.271571319},
{"learn":[7.556107881],"iteration":789,"passed_time":1.016763091,"remaining_time":0.2702787964},
{"learn":[7.555616694],"iteration":790,"passed_time":1.017936759,"remaining_time":0.2689617984},
{"learn":[7.544111521],"iteration":791,"passed_time":1.019124101,"remaining_time":0.2676487537},
{"learn":[7.53725219],"iteration":792,"passed_time":1.020232049,"remaining_time":0.2663153016},
{"learn":[7.530189078],"iteration":793,"passed_time":1.021355108,"remaining_time":0.2649863378},
{"learn":[7.520709177],"iteration":794,"passed_time":1.022532917,"remaining_time":0.2636720102},
{"learn":[7.512369976],"iteration":795,"passed_time":1.023729331,"remaining_time":0.2623627933},
{"learn":[7.50687545],"iteration":796,"passed_time":1.02482943,"remaining_time":0.2610293278},
{"learn":[7.499147495],"iteration":797,"passed_time":1.02613122,"remaining_time":0.2597475019},
{"learn":[7.492849641],"iteration":798,"passed_time":1.0276163,"remaining_time":0.2585117351},
{"learn":[7.484867181],"iteration":799,"passed_time":1.028766785,"remaining_time":0.2571916963},
{"learn":[7.482095705],"iteration":800,"passed_time":1.030022806,"remaining_time":0.2558983001},
{"learn":[7.467697615],"iteration":801,"passed_time":1.031359034,"remaining_time":0.2546247989},
{"learn":[7.45817434],"iteration":802,"passed_time":1.032949042,"remaining_time":0.2534134014},
{"learn":[7.443398756],"iteration":803,"passed_time":1.034242644,"remaining_time":0.2521288037},
{"learn":[7.426649703],"iteration":804,"passed_time":1.035459768,"remaining_time":0.2508256581},
{"learn":[7.422679452],"iteration":805,"passed_time":1.036755381,"remaining_time":0.2495416177},
{"learn":[7.415717837],"iteration":806,"passed_time":1.037874361,"remaining_time":0.2482153057},
{"learn":[7.415381371],"iteration":807,"passed_time":1.039042715,"remaining_time":0.2469012393},
{"learn":[7.407650369],"iteration":808,"passed_time":1.040412172,"remaining_time":0.2456350123},
{"learn":[7.396431086],"iteration":809,"passed_time":1.041731878,"remaining_time":0.2443568603},
{"learn":[7.377904301],"iteration":810,"passed_time":1.042949197,"remaining_time":0.2430547451},
{"learn":[7.369799483],"iteration":811,"passed_time":1.044116377,"remaining_time":0.2417412301},
{"learn":[7.362496088],"iteration":812,"passed_time":1.045288504,"remaining_time":0.2404292131},
{"learn":[7.351606344],"iteration":813,"passed_time":1.046525026,"remaining_time":0.239132254},
{"learn":[7.346595591],"iteration":814,"passed_time":1.047614316,"remaining_time":0.2378020227},
{"learn":[7.336932226],"iteration":815,"passed_time":1.04878707,"remaining_time":0.2364912021},
{"learn":[7.328572592],"iteration":816,"passed_time":1.049993491,"remaining_time":0.2351882606},
{"learn":[7.319127701],"iteration":817,"passed_time":1.051333611,"remaining_time":0.2339153022},
{"learn":[7.306842068],"iteration":818,"passed_time":1.05260156,"remaining_time":0.23262623},
{"learn":[7.296435234],"iteration":819,"passed_time":1.053793427,"remaining_time":0.2313205084},
{"learn":[7.287947698],"iteration":820,"passed_time":1.055000871,"remaining_time":0.2300184603},
{"learn":[7.287553261],"iteration":821,"passed_time":1.056169724,"remaining_time":0.2287082858},
{"learn":[7.27132455],"iteration":822,"passed_time":1.057621965,"remaining_time":0.2274594019},
{"learn":[7.259788393],"iteration":823,"passed_time":1.058960742,"remaining_time":0.2261857895},
{"learn":[7.25108304],"iteration":824,"passed_time":1.060292114,"remaining_time":0.2249104485},
{"learn":[7.238857466],"iteration":825,"passed_time":1.061729222,"remaining_time":0.2236572453},
{"learn":[7.22851489],"iteration":826,"passed_time":1.063081475,"remaining_time":0.2223858466},
{"learn":[7.22102168],"iteration":827,"passed_time":1.064456262,"remaining_time":0.2211189337},
{"learn":[7.211100486],"iteration":828,"passed_time":1.065730431,"remaining_time":0.2198310057},
{"learn":[7.202432436],"iteration":829,"passed_time":1.066891201,"remaining_time":0.2185198846},
{"learn":[7.201963758],"iteration":830,"passed_time":1.068018258,"remaining_time":0.2172022692},
{"learn":[7.191688935],"iteration":831,"passed_time":1.069138921,"remaining_time":0.2158838205},
{"learn":[7.191289218],"iteration":832,"passed_time":1.070279158,"remaining_time":0.2145697712},
{"learn":[7.184118624],"iteration":833,"passed_time":1.071523961,"remaining_time":0.2132769515},
{"learn":[7.172462897],"iteration":834,"passed_time":1.072678955,"remaining_time":0.2119665},
{"learn":[7.166346821],"iteration":835,"passed_time":1.073865416,"remaining_time":0.2106625935},
{"learn":[7.157649436],"iteration":836,"passed_time":1.075376989,"remaining_time":0.2094222811},
{"learn":[7.146619789],"iteration":837,"passed_time":1.076776578,"remaining_time":0.2081596725},
{"learn":[7.136628361],"iteration":838,"passed_time":1.077948346,"remaining_time":0.2068530199},
{"learn":[7.127421303],"iteration":839,"passed_time":1.07909064,"remaining_time":0.2055410744},
{"learn":[7.122821804],"iteration":840,"passed_time":1.080234602,"remaining_time":0.2042298475},
{"learn":[7.116553625],"iteration":841,"passed_time":1.081559028,"remaining_time":0.2029528818},
{"learn":[7.109568079],"iteration":842,"passed_time":1.082878804,"remaining_time":0.2016749374},
{"learn":[7.109248931],"iteration":843,"passed_time":1.083783073,"remaining_time":0.2003200941},
{"learn":[7.108802989],"iteration":844,"passed_time":1.085016333,"remaining_time":0.1990266647},
{"learn":[7.10453182],"iteration":845,"passed_time":1.086284229,"remaining_time":0.1977396823},
{"learn":[7.100214103],"iteration":846,"passed_time":1.087567016,"remaining_time":0.196455435},
{"learn":[7.088817276],"iteration":847,"passed_time":1.088698427,"remaining_time":0.1951440577},
{"learn":[7.088521602],"iteration":848,"passed_time":1.089258043,"remaining_time":0.1937314069},
{"learn":[7.07841861],"iteration":849,"passed_time":1.090550049,"remaining_time":0.1924500087},
{"learn":[7.06619537],"iteration":850,"passed_time":1.091734494,"remaining_time":0.1911497528},
{"learn":[7.057400815],"iteration":851,"passed_time":1.092893364,"remaining_time":0.1898453262},
{"learn":[7.053662103],"iteration":852,"passed_time":1.094080226,"remaining_time":0.1885460648},
{"learn":[7.050142905],"iteration":853,"passed_time":1.095181994,"remaining_time":0.187232519},
{"learn":[7.037908536],"iteration":854,"passed_time":1.096523535,"remaining_time":0.1859601316},
{"learn":[7.037546949],"iteration":855,"passed_time":1.097756886,"remaining_time":0.1846693828},
{"learn":[7.023821777],"iteration":856,"passed_time":1.098989043,"remaining_time":0.1833785684},
{"learn":[7.021921048],"iteration":857,"passed_time":1.100311854,"remaining_time":0.1821028942},
{"learn":[7.015154308],"iteration":858,"passed_time":1.101435594,"remaining_time":0.180794434},
{"learn":[7.004622871],"iteration":859,"passed_time":1.102544628,"remaining_time":0.1794840093},
{"learn":[6.999975965],"iteration":860,"passed_time":1.103842357,"remaining_time":0.1782045153},
{"learn":[6.987676159],"iteration":861,"passed_time":1.105257373,"remaining_time":0.1769437558},
{"learn":[6.979446223],"iteration":862,"passed_time":1.106782509,"remaining_time":0.1757001201},
{"learn":[6.974740017],"iteration":863,"passed_time":1.108108401,"remaining_time":0.1744244705},
{"learn":[6.964074765],"iteration":864,"passed_time":1.109345013,"remaining_time":0.1731347709},
{"learn":[6.957488265],"iteration":865,"passed_time":1.110645716,"remaining_time":0.1718551109},
{"learn":[6.946659575],"iteration":866,"passed_time":1.111998836,"remaining_time":0.1705834431},
{"learn":[6.936427488],"iteration":867,"passed_time":1.113229025,"remaining_time":0.1692928932},
{"learn":[6.922162005],"iteration":868,"passed_time":1.114555879,"remaining_time":0.1680170543},
{"learn":[6.909241327],"iteration":869,"passed_time":1.115850191,"remaining_time":0.1667362354},
{"learn":[6.900348076],"iteration":870,"passed_time":1.117173632,"remaining_time":0.1654596999},
{"learn":[6.895935577],"iteration":871,"passed_time":1.118347304,"remaining_time":0.1641610721},
{"learn":[6.895615465],"iteration":872,"passed_time":1.119715567,"remaining_time":0.1628910389},
{"learn":[6.882853044],"iteration":873,"passed_time":1.120954265,"remaining_time":0.1616021022},
{"learn":[6.87899957],"iteration":874,"passed_time":1.122250557,"remaining_time":0.1603215082},
{"learn":[6.878644717],"iteration":875,"passed_time":1.123362321,"remaining_time":0.1590147578},
{"learn":[6.868111748],"iteration":876,"passed_time":1.124525598,"remaining_time":0.1577156768},
{"learn":[6.856790719],"iteration":877,"passed_time":1.125754394,"remaining_time":0.1564260092},
{"learn":[6.846619082],"iteration":878,"passed_time":1.127032111,"remaining_time":0.1551432144},
{"learn":[6.845539414],"iteration":879,"passed_time":1.12819714,"remaining_time":0.1538450645},
{"learn":[6.84439412],"iteration":880,"passed_time":1.129448449,"remaining_time":0.1525588711},
{"learn":[6.843752964],"iteration":881,"passed_time":1.130724282,"remaining_time":0.1512760377},
{"learn":[6.838237991],"iteration":882,"passed_time":1.131892826,"remaining_time":0.1499790041},
{"learn":[6.825217575],"iteration":883,"passed_time":1.132999433,"remaining_time":0.1486741338},
{"learn":[6.812843787],"iteration":884,"passed_time":1.13421098,"remaining_time":0.1473833476},
{"learn":[6.805598229],"iteration":885,"passed_time":1.135425956,"remaining_time":0.1460931817},
{"learn":[6.799400888],"iteration":886,"passed_time":1.136705164,"remaining_time":0.1448113682},
{"learn":[6.792442526],"iteration":887,"passed_time":1.138132005,"remaining_time":0.1435481808},
{"learn":[6.791660435],"iteration":888,"passed_time":1.139332695,"remaining_time":0.1422563882},
{"learn":[6.791297348],"iteration":889,"passed_time":1.140458039,"remaining_time":0.1409554879},
{"learn":[6.778195893],"iteration":890,"passed_time":1.141733611,"remaining_time":0.1396733599},
{"learn":[6.766316476],"iteration":891,"passed_time":1.142898432,"remaining_time":0.1383778371},
{"learn":[6.763814504],"iteration":892,"passed_time":1.14403588,"remaining_time":0.1370793271},
{"learn":[6.754783587],"iteration":893,"passed_time":1.145327114,"remaining_time":0.1357994117},
{"learn":[6.747579898],"iteration":894,"passed_time":1.146554405,"remaining_time":0.1345119693},
{"learn":[6.737061627],"iteration":895,"passed_time":1.147999449,"remaining_time":0.133249936},
{"learn":[6.733600148],"iteration":896,"passed_time":1.1500965,"remaining_time":0.1320623628},
{"learn":[6.724633041],"iteration":897,"passed_time":1.15157412,"remaining_time":0.1308024056},
{"learn":[6.718631294],"iteration":898,"passed_time":1.153126209,"remaining_time":0.1295503305},
{"learn":[6.718361741],"iteration":899,"passed_time":1.154470306,"remaining_time":0.1282744784},
{"learn":[6.708672652],"iteration":900,"passed_time":1.155938458,"remaining_time":0.1270121058},
{"learn":[6.696954111],"iteration":901,"passed_time":1.157329328,"remaining_time":0.1257408804},
{"learn":[6.685386811],"iteration":902,"passed_time":1.158702337,"remaining_time":0.1244674715},
{"learn":[6.679966526],"iteration":903,"passed_time":1.160003378,"remaining_time":0.1231861994},
{"learn":[6.671150279],"iteration":904,"passed_time":1.161201725,"remaining_time":0.1218941037},
{"learn":[6.665300655],"iteration":905,"passed_time":1.162396135,"remaining_time":0.1206018065},
{"learn":[6.655486602],"iteration":906,"passed_time":1.164003079,"remaining_time":0.1193520246},
{"learn":[6.644651628],"iteration":907,"passed_time":1.165253596,"remaining_time":0.1180653424},
{"learn":[6.639316158],"iteration":908,"passed_time":1.166448953,"remaining_time":0.1167732175},
{"learn":[6.635865428],"iteration":909,"passed_time":1.167597825,"remaining_time":0.115476708},
{"learn":[6.632261914],"iteration":910,"passed_time":1.168716552,"remaining_time":0.1141775776},
{"learn":[6.619602327],"iteration":911,"passed_time":1.170567742,"remaining_time":0.112949519},
{"learn":[6.614689375],"iteration":912,"passed_time":1.172057465,"remaining_time":0.1116856511},
{"learn":[6.603381619],"iteration":913,"passed_time":1.173933361,"remaining_time":0.1104576248},
{"learn":[6.603007539],"iteration":914,"passed_time":1.175191967,"remaining_time":0.1091708385},
{"learn":[6.596846845],"iteration":915,"passed_time":1.176598059,"remaining_time":0.1078976386},
{"learn":[6.589799011],"iteration":916,"passed_time":1.178553861,"remaining_time":0.1066739045},
{"learn":[6.579027055],"iteration":917,"passed_time":1.179890537,"remaining_time":0.1053932724},
{"learn":[6.5748099],"iteration":918,"passed_time":1.181164572,"remaining_time":0.1041069971},
{"learn":[6.574466992],"iteration":919,"passed_time":1.182491916,"remaining_time":0.102825384},
{"learn":[6.574062424],"iteration":920,"passed_time":1.183810252,"remaining_time":0.1015428989},
{"learn":[6.566303764],"iteration":921,"passed_time":1.185240494,"remaining_time":0.1002698032},
{"learn":[6.558783352],"iteration":922,"passed_time":1.187385781,"remaining_time":0.0990560186},
{"learn":[6.553152723],"iteration":923,"passed_time":1.188863046,"remaining_time":0.09778527214},
{"learn":[6.547243064],"iteration":924,"passed_time":1.190182935,"remaining_time":0.09650131907},
{"learn":[6.54375407],"iteration":925,"passed_time":1.191458583,"remaining_time":0.09521375285},
{"learn":[6.527475765],"iteration":926,"passed_time":1.192858824,"remaining_time":0.09393602389},
{"learn":[6.520025213],"iteration":927,"passed_time":1.194267389,"remaining_time":0.09265867671},
{"learn":[6.513830598],"iteration":928,"passed_time":1.195999079,"remaining_time":0.09140574234},
{"learn":[6.50454103],"iteration":929,"passed_time":1.197460987,"remaining_time":0.09013147212},
{"learn":[6.496197016],"iteration":930,"passed_time":1.199081718,"remaining_time":0.08886856984},
{"learn":[6.491637598],"iteration":931,"passed_time":1.200582375,"remaining_time":0.08759613895},
{"learn":[6.486994271],"iteration":932,"passed_time":1.202788798,"remaining_time":0.08637390083},
{"learn":[6.486745269],"iteration":933,"passed_time":1.203722522,"remaining_time":0.08505962147},
{"learn":[6.477934051],"iteration":934,"passed_time":1.205336298,"remaining_time":0.08379343245},
{"learn":[6.468591871],"iteration":935,"passed_time":1.206923487,"remaining_time":0.08252468286},
{"learn":[6.459372731],"iteration":936,"passed_time":1.208766426,"remaining_time":0.08127244915},
{"learn":[6.456173486],"iteration":937,"passed_time":1.210235723,"remaining_time":0.07999425888},
{"learn":[6.448750298],"iteration":938,"passed_time":1.211855827,"remaining_time":0.07872545842},
{"learn":[6.439221394],"iteration":939,"passed_time":1.21336851,"remaining_time":0.07744905385},
{"learn":[6.434622398],"iteration":940,"passed_time":1.215286687,"remaining_time":0.07619757122},
{"learn":[6.426142025],"iteration":941,"passed_time":1.21682467,"remaining_time":0.0749212642},
{"learn":[6.420023318],"iteration":942,"passed_time":1.218798001,"remaining_time":0.07367071693},
{"learn":[6.412770675],"iteration":943,"passed_time":1.220469784,"remaining_time":0.07240074989},
{"learn":[6.403072592],"iteration":944,"passed_time":1.222026924,"remaining_time":0.0711232601},
{"learn":[6.397467472],"iteration":945,"passed_time":1.223576795,"remaining_time":0.06984476422},
{"learn":[6.396478927],"iteration":946,"passed_time":1.225174103,"remaining_time":0.06856835001},
{"learn":[6.388690959],"iteration":947,"passed_time":1.226666411,"remaining_time":0.06728549936},
{"learn":[6.388292599],"iteration":948,"passed_time":1.228098788,"remaining_time":0.0659989865},
{"learn":[6.387996196],"iteration":949,"passed_time":1.229702755,"remaining_time":0.06472119765},
{"learn":[6.375170023],"iteration":950,"passed_time":1.230926561,"remaining_time":0.06342313512},
{"learn":[6.374838322],"iteration":951,"passed_time":1.232353619,"remaining_time":0.06213547657},
{"learn":[6.362641517],"iteration":952,"passed_time":1.234834424,"remaining_time":0.06089949414},
{"learn":[6.355165335],"iteration":953,"passed_time":1.23643159,"remaining_time":0.05961829469},
{"learn":[6.347222592],"iteration":954,"passed_time":1.23790364,"remaining_time":0.05833053802},
{"learn":[6.342432184],"iteration":955,"passed_time":1.239375073,"remaining_time":0.05704236736},
{"learn":[6.333393381],"iteration":956,"passed_time":1.240898368,"remaining_time":0.055756144},
{"learn":[6.324856823],"iteration":957,"passed_time":1.242200301,"remaining_time":0.05445972092},
{"learn":[6.314529325],"iteration":958,"passed_time":1.243455011,"remaining_time":0.0531612674},
{"learn":[6.306265924],"iteration":959,"passed_time":1.244685896,"remaining_time":0.05186191235},
{"learn":[6.300847566],"iteration":960,"passed_time":1.245963622,"remaining_time":0.05056460067},
{"learn":[6.300049123],"iteration":961,"passed_time":1.247200458,"remaining_time":0.04926571456},
{"learn":[6.293060826],"iteration":962,"passed_time":1.24866861,"remaining_time":0.04797584484},
{"learn":[6.287249913],"iteration":963,"passed_time":1.250789411,"remaining_time":0.04670997802},
{"learn":[6.278858006],"iteration":964,"passed_time":1.252288979,"remaining_time":0.04541980754},
{"learn":[6.265446563],"iteration":965,"passed_time":1.253813833,"remaining_time":0.0441300935},
{"learn":[6.252227205],"iteration":966,"passed_time":1.255206406,"remaining_time":0.04283537889},
{"learn":[6.237119819],"iteration":967,"passed_time":1.256762378,"remaining_time":0.04154586375},
{"learn":[6.231035918],"iteration":968,"passed_time":1.258083163,"remaining_time":0.04024827456},
{"learn":[6.228548393],"iteration":969,"passed_time":1.259271178,"remaining_time":0.03894653128},
{"learn":[6.21732764],"iteration":970,"passed_time":1.260591062,"remaining_time":0.03764896065},
{"learn":[6.20931731],"iteration":971,"passed_time":1.262024307,"remaining_time":0.03635460966},
{"learn":[6.200459449],"iteration":972,"passed_time":1.263306583,"remaining_time":0.03505578389},
{"learn":[6.196912828],"iteration":973,"passed_time":1.26525384,"remaining_time":0.03377474317},
{"learn":[6.190574516],"iteration":974,"passed_time":1.2670297,"remaining_time":0.03248794102},
{"learn":[6.181099189],"iteration":975,"passed_time":1.268371163,"remaining_time":0.03118945484},
{"learn":[6.180572508],"iteration":976,"passed_time":1.269635891,"remaining_time":0.02988907419},
{"learn":[6.180287515],"iteration":977,"passed_time":1.270556219,"remaining_time":0.02858101924},
{"learn":[6.173282757],"iteration":978,"passed_time":1.272131256,"remaining_time":0.02728780018},
{"learn":[6.162432219],"iteration":979,"passed_time":1.27344447,"remaining_time":0.02598866266},
{"learn":[6.154261607],"iteration":980,"passed_time":1.274810133,"remaining_time":0.02469051227},
{"learn":[6.150940424],"iteration":981,"passed_time":1.275951756,"remaining_time":0.02338811773},
{"learn":[6.133519466],"iteration":982,"passed_time":1.277103964,"remaining_time":0.02208623336},
{"learn":[6.130154643],"iteration":983,"passed_time":1.278323187,"remaining_time":0.02078574288},
{"learn":[6.122988641],"iteration":984,"passed_time":1.279678407,"remaining_time":0.01948748843},
{"learn":[6.116986916],"iteration":985,"passed_time":1.281621072,"remaining_time":0.01819745944},
{"learn":[6.10894404],"iteration":986,"passed_time":1.28324552,"remaining_time":0.01690191668},
{"learn":[6.099085018],"iteration":987,"passed_time":1.284794977,"remaining_time":0.01560479729},
{"learn":[6.098887419],"iteration":988,"passed_time":1.285448582,"remaining_time":0.01429720364},
{"learn":[6.094201118],"iteration":989,"passed_time":1.287075723,"remaining_time":0.01300076488},
{"learn":[6.087237698],"iteration":990,"passed_time":1.288666566,"remaining_time":0.01170332905},
{"learn":[6.072635947],"iteration":991,"passed_time":1.290143722,"remaining_time":0.01040438486},
{"learn":[6.072190089],"iteration":992,"passed_time":1.291568789,"remaining_time":0.009104714526},
{"learn":[6.07193174],"iteration":993,"passed_time":1.292738304,"remaining_time":0.00780324932},
{"learn":[6.069608094],"iteration":994,"passed_time":1.294275227,"remaining_time":0.006503895615},
{"learn":[6.063340985],"iteration":995,"passed_time":1.295543676,"remaining_time":0.00520298665},
{"learn":[6.063009012],"iteration":996,"passed_time":1.297120318,"remaining_time":0.003903070164},
{"learn":[6.062765533],"iteration":997,"passed_time":1.298919133,"remaining_time":0.002603044355},
{"learn":[6.050590898],"iteration":998,"passed_time":1.300509661,"remaining_time":0.001301811473},
{"learn":[6.044283949],"iteration":999,"passed_time":1.301834394,"remaining_time":0}
]}